player_id,team_id,minutes_played,data
0Oq6woOxQ6,mKAqBBmqbg,1735,"[{'action_type': 'Claiming', 'goals_added_raw': 0.1343, 'goals_added_above_avg': 0.1423, 'count_actions': 24}, {'action_type': 'Fielding', 'goals_added_raw': -0.1875, 'goals_added_above_avg': -0.088, 'count_actions': 311}, {'action_type': 'Handling', 'goals_added_raw': -0.37120000000000003, 'goals_added_above_avg': -0.38180000000000003, 'count_actions': 47}, {'action_type': 'Passing', 'goals_added_raw': 0.9117000000000001, 'goals_added_above_avg': -0.187, 'count_actions': 530}, {'action_type': 'Shotstopping', 'goals_added_raw': -1.7848000000000002, 'goals_added_above_avg': -1.1661, 'count_actions': 80}, {'action_type': 'Sweeping', 'goals_added_raw': -0.30960000000000004, 'goals_added_above_avg': -0.28140000000000004, 'count_actions': 30}]"
0x5g2mYrM7,mKAqBBmqbg,203,"[{'action_type': 'Claiming', 'goals_added_raw': -0.009300000000000001, 'goals_added_above_avg': -0.0083, 'count_actions': 3}, {'action_type': 'Fielding', 'goals_added_raw': 0.005, 'goals_added_above_avg': 0.0166, 'count_actions': 36}, {'action_type': 'Handling', 'goals_added_raw': 0.1018, 'goals_added_above_avg': 0.10060000000000001, 'count_actions': 4}, {'action_type': 'Passing', 'goals_added_raw': 0.1852, 'goals_added_above_avg': 0.0567, 'count_actions': 67}, {'action_type': 'Shotstopping', 'goals_added_raw': 0.1535, 'goals_added_above_avg': 0.22590000000000002, 'count_actions': 6}, {'action_type': 'Sweeping', 'goals_added_raw': 0.0165, 'goals_added_above_avg': 0.0198, 'count_actions': 9}]"
0x5g2Z8ZM7,NPqxKXZ59d,1818,"[{'action_type': 'Claiming', 'goals_added_raw': 0.020900000000000002, 'goals_added_above_avg': 0.029300000000000003, 'count_actions': 15}, {'action_type': 'Fielding', 'goals_added_raw': -0.0017000000000000001, 'goals_added_above_avg': 0.10250000000000001, 'count_actions': 358}, {'action_type': 'Handling', 'goals_added_raw': -0.32330000000000003, 'goals_added_above_avg': -0.33440000000000003, 'count_actions': 68}, {'action_type': 'Passing', 'goals_added_raw': 0.9353, 'goals_added_above_avg': -0.216, 'count_actions': 568}, {'action_type': 'Shotstopping', 'goals_added_raw': -2.7799, 'goals_added_above_avg': -2.1316, 'count_actions': 100}, {'action_type': 'Sweeping', 'goals_added_raw': -0.9378000000000001, 'goals_added_above_avg': -0.9082, 'count_actions': 19}]"
0x5gP9Jjq7,0KPqjA456v,540,"[{'action_type': 'Claiming', 'goals_added_raw': 0.0041, 'goals_added_above_avg': 0.0066, 'count_actions': 3}, {'action_type': 'Fielding', 'goals_added_raw': -0.2543, 'goals_added_above_avg': -0.2233, 'count_actions': 80}, {'action_type': 'Handling', 'goals_added_raw': 0.0241, 'goals_added_above_avg': 0.020800000000000003, 'count_actions': 11}, {'action_type': 'Passing', 'goals_added_raw': 0.2801, 'goals_added_above_avg': -0.061900000000000004, 'count_actions': 148}, {'action_type': 'Shotstopping', 'goals_added_raw': -4.4516, 'goals_added_above_avg': -4.2591, 'count_actions': 23}, {'action_type': 'Sweeping', 'goals_added_raw': 0.1829, 'goals_added_above_avg': 0.19160000000000002, 'count_actions': 10}]"
0x5gZ9mM7O,KAqBN0Vqbg,1923,"[{'action_type': 'Claiming', 'goals_added_raw': 0.0316, 'goals_added_above_avg': 0.0405, 'count_actions': 14}, {'action_type': 'Fielding', 'goals_added_raw': -0.08020000000000001, 'goals_added_above_avg': 0.030100000000000002, 'count_actions': 409}, {'action_type': 'Handling', 'goals_added_raw': 0.1598, 'goals_added_above_avg': 0.1481, 'count_actions': 71}, {'action_type': 'Passing', 'goals_added_raw': 1.3647, 'goals_added_above_avg': 0.147, 'count_actions': 639}, {'action_type': 'Shotstopping', 'goals_added_raw': -1.0402, 'goals_added_above_avg': -0.35450000000000004, 'count_actions': 108}, {'action_type': 'Sweeping', 'goals_added_raw': -0.1915, 'goals_added_above_avg': -0.1603, 'count_actions': 29}]"
2lqRkwRnQr,EKXMeX3Q64,1313,"[{'action_type': 'Claiming', 'goals_added_raw': -0.0151, 'goals_added_above_avg': -0.009000000000000001, 'count_actions': 19}, {'action_type': 'Fielding', 'goals_added_raw': -0.0828, 'goals_added_above_avg': -0.007500000000000001, 'count_actions': 242}, {'action_type': 'Handling', 'goals_added_raw': 0.2738, 'goals_added_above_avg': 0.26580000000000004, 'count_actions': 46}, {'action_type': 'Passing', 'goals_added_raw': 0.7663000000000001, 'goals_added_above_avg': -0.0651, 'count_actions': 460}, {'action_type': 'Shotstopping', 'goals_added_raw': -2.5647, 'goals_added_above_avg': -2.0965, 'count_actions': 67}, {'action_type': 'Sweeping', 'goals_added_raw': -0.244, 'goals_added_above_avg': -0.2227, 'count_actions': 30}]"
2vQ1L20Oqr,kaDQ0wRqEv,1113,"[{'action_type': 'Claiming', 'goals_added_raw': 0.088, 'goals_added_above_avg': 0.0931, 'count_actions': 13}, {'action_type': 'Fielding', 'goals_added_raw': 0.0668, 'goals_added_above_avg': 0.1306, 'count_actions': 195}, {'action_type': 'Handling', 'goals_added_raw': 0.1269, 'goals_added_above_avg': 0.12010000000000001, 'count_actions': 32}, {'action_type': 'Passing', 'goals_added_raw': 0.4607, 'goals_added_above_avg': -0.2441, 'count_actions': 299}, {'action_type': 'Shotstopping', 'goals_added_raw': -4.0152, 'goals_added_above_avg': -3.6183, 'count_actions': 56}, {'action_type': 'Sweeping', 'goals_added_raw': -0.3522, 'goals_added_above_avg': -0.3341, 'count_actions': 15}]"
315VXNkGQ9,a2lqRX2Mr0,1920,"[{'action_type': 'Claiming', 'goals_added_raw': 0.1547, 'goals_added_above_avg': 0.1636, 'count_actions': 20}, {'action_type': 'Fielding', 'goals_added_raw': -0.047900000000000005, 'goals_added_above_avg': 0.062200000000000005, 'count_actions': 401}, {'action_type': 'Handling', 'goals_added_raw': -0.2006, 'goals_added_above_avg': -0.21230000000000002, 'count_actions': 64}, {'action_type': 'Passing', 'goals_added_raw': 1.0401, 'goals_added_above_avg': -0.1757, 'count_actions': 594}, {'action_type': 'Shotstopping', 'goals_added_raw': 5.7013, 'goals_added_above_avg': 6.386, 'count_actions': 87}, {'action_type': 'Sweeping', 'goals_added_raw': -0.0459, 'goals_added_above_avg': -0.014700000000000001, 'count_actions': 54}]"
4JMAaDp2MK,19vQ2095K6,1841,"[{'action_type': 'Claiming', 'goals_added_raw': 0.007, 'goals_added_above_avg': 0.0155, 'count_actions': 14}, {'action_type': 'Fielding', 'goals_added_raw': 0.0307, 'goals_added_above_avg': 0.13620000000000002, 'count_actions': 265}, {'action_type': 'Handling', 'goals_added_raw': -0.5683, 'goals_added_above_avg': -0.5795, 'count_actions': 50}, {'action_type': 'Passing', 'goals_added_raw': 0.8290000000000001, 'goals_added_above_avg': -0.33680000000000004, 'count_actions': 483}, {'action_type': 'Shotstopping', 'goals_added_raw': 2.2068, 'goals_added_above_avg': 2.8633, 'count_actions': 71}, {'action_type': 'Sweeping', 'goals_added_raw': -0.1072, 'goals_added_above_avg': -0.07730000000000001, 'count_actions': 24}]"
4JMAaogDMK,YgOMngl5wN,136,"[{'action_type': 'Claiming', 'goals_added_raw': 0.0037, 'goals_added_above_avg': 0.0043, 'count_actions': 2}, {'action_type': 'Fielding', 'goals_added_raw': 0.0031000000000000003, 'goals_added_above_avg': 0.0109, 'count_actions': 36}, {'action_type': 'Handling', 'goals_added_raw': -0.060700000000000004, 'goals_added_above_avg': -0.061500000000000006, 'count_actions': 4}, {'action_type': 'Passing', 'goals_added_raw': 0.08750000000000001, 'goals_added_above_avg': 0.0014, 'count_actions': 42}, {'action_type': 'Shotstopping', 'goals_added_raw': -0.33440000000000003, 'goals_added_above_avg': -0.2859, 'count_actions': 5}, {'action_type': 'Sweeping', 'goals_added_raw': 0.045200000000000004, 'goals_added_above_avg': 0.047400000000000005, 'count_actions': 5}]"
4wM4an045j,eVq3ya6MWO,101,"[{'action_type': 'Claiming', 'goals_added_raw': 0.0082, 'goals_added_above_avg': 0.0086, 'count_actions': 1}, {'action_type': 'Fielding', 'goals_added_raw': 0.0063, 'goals_added_above_avg': 0.012100000000000001, 'count_actions': 17}, {'action_type': 'Handling', 'goals_added_raw': 0, 'goals_added_above_avg': -0.0006000000000000001, 'count_actions': 0}, {'action_type': 'Passing', 'goals_added_raw': 0.0413, 'goals_added_above_avg': -0.022600000000000002, 'count_actions': 23}, {'action_type': 'Shotstopping', 'goals_added_raw': -0.16, 'goals_added_above_avg': -0.124, 'count_actions': 1}, {'action_type': 'Sweeping', 'goals_added_raw': 0.0082, 'goals_added_above_avg': 0.0098, 'count_actions': 1}]"
4wM4J01Nqj,zeQZkL1MKw,208,"[{'action_type': 'Claiming', 'goals_added_raw': 0, 'goals_added_above_avg': 0.001, 'count_actions': 0}, {'action_type': 'Fielding', 'goals_added_raw': -0.0035, 'goals_added_above_avg': 0.0085, 'count_actions': 51}, {'action_type': 'Handling', 'goals_added_raw': -0.014, 'goals_added_above_avg': -0.015300000000000001, 'count_actions': 3}, {'action_type': 'Passing', 'goals_added_raw': 0.11170000000000001, 'goals_added_above_avg': -0.02, 'count_actions': 70}, {'action_type': 'Shotstopping', 'goals_added_raw': -0.21780000000000002, 'goals_added_above_avg': -0.1436, 'count_actions': 5}, {'action_type': 'Sweeping', 'goals_added_raw': -0.0083, 'goals_added_above_avg': -0.0049, 'count_actions': 3}]"
4wM4JxWpqj,APk5LGOMOW,1804,"[{'action_type': 'Claiming', 'goals_added_raw': -0.5032, 'goals_added_above_avg': -0.4948, 'count_actions': 19}, {'action_type': 'Fielding', 'goals_added_raw': 0.1027, 'goals_added_above_avg': 0.20620000000000002, 'count_actions': 599}, {'action_type': 'Handling', 'goals_added_raw': -0.4863, 'goals_added_above_avg': -0.4973, 'count_actions': 60}, {'action_type': 'Passing', 'goals_added_raw': 1.1325, 'goals_added_above_avg': -0.0099, 'count_actions': 730}, {'action_type': 'Shotstopping', 'goals_added_raw': -0.9152, 'goals_added_above_avg': -0.27190000000000003, 'count_actions': 89}, {'action_type': 'Sweeping', 'goals_added_raw': 0.2122, 'goals_added_above_avg': 0.24150000000000002, 'count_actions': 26}]"
7vQ7rKGYqD,jYQJ19EqGR,200,"[{'action_type': 'Claiming', 'goals_added_raw': -0.19640000000000002, 'goals_added_above_avg': -0.1955, 'count_actions': 4}, {'action_type': 'Fielding', 'goals_added_raw': -0.012, 'goals_added_above_avg': -0.0005, 'count_actions': 28}, {'action_type': 'Handling', 'goals_added_raw': -0.1028, 'goals_added_above_avg': -0.10400000000000001, 'count_actions': 2}, {'action_type': 'Passing', 'goals_added_raw': 0.054400000000000004, 'goals_added_above_avg': -0.0722, 'count_actions': 42}, {'action_type': 'Shotstopping', 'goals_added_raw': -2.1082, 'goals_added_above_avg': -2.0369, 'count_actions': 8}, {'action_type': 'Sweeping', 'goals_added_raw': 0.0212, 'goals_added_above_avg': 0.0244, 'count_actions': 3}]"
7VqG07YAQv,lgpMOvnQzy,1911,"[{'action_type': 'Claiming', 'goals_added_raw': 0.0499, 'goals_added_above_avg': 0.0587, 'count_actions': 22}, {'action_type': 'Fielding', 'goals_added_raw': -0.027600000000000003, 'goals_added_above_avg': 0.0819, 'count_actions': 480}, {'action_type': 'Handling', 'goals_added_raw': 0.0546, 'goals_added_above_avg': 0.0429, 'count_actions': 38}, {'action_type': 'Passing', 'goals_added_raw': 1.2848, 'goals_added_above_avg': 0.0747, 'count_actions': 647}, {'action_type': 'Shotstopping', 'goals_added_raw': -0.0732, 'goals_added_above_avg': 0.6083000000000001, 'count_actions': 57}, {'action_type': 'Sweeping', 'goals_added_raw': -0.3516, 'goals_added_above_avg': -0.3205, 'count_actions': 48}]"
7VqG3Onxqv,a2lqRX2Mr0,103,"[{'action_type': 'Claiming', 'goals_added_raw': 0.0019, 'goals_added_above_avg': 0.0024000000000000002, 'count_actions': 1}, {'action_type': 'Fielding', 'goals_added_raw': 0.0007, 'goals_added_above_avg': 0.0066, 'count_actions': 27}, {'action_type': 'Handling', 'goals_added_raw': 0.041600000000000005, 'goals_added_above_avg': 0.041, 'count_actions': 1}, {'action_type': 'Passing', 'goals_added_raw': 0.0974, 'goals_added_above_avg': 0.0322, 'count_actions': 31}, {'action_type': 'Shotstopping', 'goals_added_raw': -0.28350000000000003, 'goals_added_above_avg': -0.2467, 'count_actions': 2}, {'action_type': 'Sweeping', 'goals_added_raw': -0.015, 'goals_added_above_avg': -0.0134, 'count_actions': 2}]"
7VqGmob3Mv,9z5k7Yg5A3,1120,"[{'action_type': 'Claiming', 'goals_added_raw': -0.0874, 'goals_added_above_avg': -0.08220000000000001, 'count_actions': 8}, {'action_type': 'Fielding', 'goals_added_raw': -0.0178, 'goals_added_above_avg': 0.046400000000000004, 'count_actions': 182}, {'action_type': 'Handling', 'goals_added_raw': 0.1145, 'goals_added_above_avg': 0.1076, 'count_actions': 26}, {'action_type': 'Passing', 'goals_added_raw': 0.46330000000000005, 'goals_added_above_avg': -0.2459, 'count_actions': 312}, {'action_type': 'Shotstopping', 'goals_added_raw': -0.0039000000000000003, 'goals_added_above_avg': 0.39540000000000003, 'count_actions': 37}, {'action_type': 'Sweeping', 'goals_added_raw': 0.0402, 'goals_added_above_avg': 0.0584, 'count_actions': 21}]"
9z5kGga5A3,kRQabn8MKZ,2011,"[{'action_type': 'Claiming', 'goals_added_raw': 0.0906, 'goals_added_above_avg': 0.0999, 'count_actions': 17}, {'action_type': 'Fielding', 'goals_added_raw': -0.11900000000000001, 'goals_added_above_avg': -0.0037, 'count_actions': 290}, {'action_type': 'Handling', 'goals_added_raw': -0.5052, 'goals_added_above_avg': -0.5175000000000001, 'count_actions': 72}, {'action_type': 'Passing', 'goals_added_raw': 0.9425, 'goals_added_above_avg': -0.3309, 'count_actions': 608}, {'action_type': 'Shotstopping', 'goals_added_raw': 3.972, 'goals_added_above_avg': 4.689, 'count_actions': 100}, {'action_type': 'Sweeping', 'goals_added_raw': -0.2252, 'goals_added_above_avg': -0.1925, 'count_actions': 37}]"
a35rymlLML,zeQZkL1MKw,216,"[{'action_type': 'Claiming', 'goals_added_raw': 0, 'goals_added_above_avg': 0.001, 'count_actions': 0}, {'action_type': 'Fielding', 'goals_added_raw': -0.0111, 'goals_added_above_avg': 0.0013000000000000002, 'count_actions': 54}, {'action_type': 'Handling', 'goals_added_raw': -0.101, 'goals_added_above_avg': -0.1023, 'count_actions': 8}, {'action_type': 'Passing', 'goals_added_raw': 0.1358, 'goals_added_above_avg': -0.001, 'count_actions': 66}, {'action_type': 'Shotstopping', 'goals_added_raw': -0.1245, 'goals_added_above_avg': -0.047400000000000005, 'count_actions': 13}, {'action_type': 'Sweeping', 'goals_added_raw': 0.0132, 'goals_added_above_avg': 0.0167, 'count_actions': 6}]"
a35ryXm2ML,kaDQ0wRqEv,895,"[{'action_type': 'Claiming', 'goals_added_raw': -0.2622, 'goals_added_above_avg': -0.258, 'count_actions': 20}, {'action_type': 'Fielding', 'goals_added_raw': 0.0152, 'goals_added_above_avg': 0.0665, 'count_actions': 211}, {'action_type': 'Handling', 'goals_added_raw': -0.3587, 'goals_added_above_avg': -0.36410000000000003, 'count_actions': 23}, {'action_type': 'Passing', 'goals_added_raw': 0.41540000000000005, 'goals_added_above_avg': -0.1514, 'count_actions': 314}, {'action_type': 'Shotstopping', 'goals_added_raw': -1.5156, 'goals_added_above_avg': -1.1965, 'count_actions': 39}, {'action_type': 'Sweeping', 'goals_added_raw': -0.276, 'goals_added_above_avg': -0.2615, 'count_actions': 18}]"
aDQ0N1Kv5E,EKXMeX3Q64,707,"[{'action_type': 'Claiming', 'goals_added_raw': 0.0102, 'goals_added_above_avg': 0.0134, 'count_actions': 5}, {'action_type': 'Fielding', 'goals_added_raw': 0.0063, 'goals_added_above_avg': 0.0468, 'count_actions': 128}, {'action_type': 'Handling', 'goals_added_raw': -0.0541, 'goals_added_above_avg': -0.0584, 'count_actions': 22}, {'action_type': 'Passing', 'goals_added_raw': 0.6621, 'goals_added_above_avg': 0.2144, 'count_actions': 224}, {'action_type': 'Shotstopping', 'goals_added_raw': -1.2690000000000001, 'goals_added_above_avg': -1.0169, 'count_actions': 39}, {'action_type': 'Sweeping', 'goals_added_raw': -0.029900000000000003, 'goals_added_above_avg': -0.018500000000000003, 'count_actions': 14}]"
BLMv7wr75x,kRQand1MKZ,226,"[{'action_type': 'Claiming', 'goals_added_raw': 0.0206, 'goals_added_above_avg': 0.0217, 'count_actions': 5}, {'action_type': 'Fielding', 'goals_added_raw': 0.0066, 'goals_added_above_avg': 0.0196, 'count_actions': 39}, {'action_type': 'Handling', 'goals_added_raw': 0.023100000000000002, 'goals_added_above_avg': 0.0217, 'count_actions': 4}, {'action_type': 'Passing', 'goals_added_raw': 0.123, 'goals_added_above_avg': -0.0201, 'count_actions': 76}, {'action_type': 'Shotstopping', 'goals_added_raw': -1.0229, 'goals_added_above_avg': -0.9423, 'count_actions': 10}, {'action_type': 'Sweeping', 'goals_added_raw': -0.0031000000000000003, 'goals_added_above_avg': 0.0006000000000000001, 'count_actions': 5}]"
BLMva87Qxe,wvq9B9wQWn,1110,"[{'action_type': 'Claiming', 'goals_added_raw': 0.11, 'goals_added_above_avg': 0.11520000000000001, 'count_actions': 15}, {'action_type': 'Fielding', 'goals_added_raw': 0.1107, 'goals_added_above_avg': 0.1743, 'count_actions': 334}, {'action_type': 'Handling', 'goals_added_raw': -0.4908, 'goals_added_above_avg': -0.49760000000000004, 'count_actions': 44}, {'action_type': 'Passing', 'goals_added_raw': 0.9037000000000001, 'goals_added_above_avg': 0.2008, 'count_actions': 417}, {'action_type': 'Shotstopping', 'goals_added_raw': 0.9222, 'goals_added_above_avg': 1.318, 'count_actions': 61}, {'action_type': 'Sweeping', 'goals_added_raw': -0.0606, 'goals_added_above_avg': -0.0426, 'count_actions': 21}]"
EGMP1vPx5a,YgOMngl5wN,330,"[{'action_type': 'Claiming', 'goals_added_raw': -0.2414, 'goals_added_above_avg': -0.2398, 'count_actions': 5}, {'action_type': 'Fielding', 'goals_added_raw': 0.0115, 'goals_added_above_avg': 0.030500000000000003, 'count_actions': 65}, {'action_type': 'Handling', 'goals_added_raw': 0.0316, 'goals_added_above_avg': 0.0296, 'count_actions': 11}, {'action_type': 'Passing', 'goals_added_raw': 0.1459, 'goals_added_above_avg': -0.0631, 'count_actions': 100}, {'action_type': 'Shotstopping', 'goals_added_raw': 2.0948, 'goals_added_above_avg': 2.2125, 'count_actions': 15}, {'action_type': 'Sweeping', 'goals_added_raw': 0.0064, 'goals_added_above_avg': 0.0117, 'count_actions': 5}]"
EGMP4WVMaY,eVq3ya6MWO,1523,"[{'action_type': 'Claiming', 'goals_added_raw': -0.2771, 'goals_added_above_avg': -0.27, 'count_actions': 9}, {'action_type': 'Fielding', 'goals_added_raw': -0.28, 'goals_added_above_avg': -0.1927, 'count_actions': 279}, {'action_type': 'Handling', 'goals_added_raw': 0.0051, 'goals_added_above_avg': -0.004200000000000001, 'count_actions': 32}, {'action_type': 'Passing', 'goals_added_raw': 0.8693000000000001, 'goals_added_above_avg': -0.0951, 'count_actions': 425}, {'action_type': 'Shotstopping', 'goals_added_raw': -1.5123, 'goals_added_above_avg': -0.9692000000000001, 'count_actions': 49}, {'action_type': 'Sweeping', 'goals_added_raw': 0.1841, 'goals_added_above_avg': 0.2089, 'count_actions': 23}]"
gjMNeXBpQK,NWMWlBK5lz,2004,"[{'action_type': 'Claiming', 'goals_added_raw': 0.0713, 'goals_added_above_avg': 0.0806, 'count_actions': 31}, {'action_type': 'Fielding', 'goals_added_raw': -0.1282, 'goals_added_above_avg': -0.013300000000000001, 'count_actions': 345}, {'action_type': 'Handling', 'goals_added_raw': -0.0145, 'goals_added_above_avg': -0.0267, 'count_actions': 56}, {'action_type': 'Passing', 'goals_added_raw': 0.9477000000000001, 'goals_added_above_avg': -0.32130000000000003, 'count_actions': 610}, {'action_type': 'Shotstopping', 'goals_added_raw': 3.5585, 'goals_added_above_avg': 4.2731, 'count_actions': 81}, {'action_type': 'Sweeping', 'goals_added_raw': -0.6361, 'goals_added_above_avg': -0.6035, 'count_actions': 36}]"
gjMNvV70MK,wvq9B9wQWn,916,"[{'action_type': 'Claiming', 'goals_added_raw': 0.0099, 'goals_added_above_avg': 0.0142, 'count_actions': 9}, {'action_type': 'Fielding', 'goals_added_raw': -0.021, 'goals_added_above_avg': 0.0316, 'count_actions': 150}, {'action_type': 'Handling', 'goals_added_raw': -0.008400000000000001, 'goals_added_above_avg': -0.014, 'count_actions': 32}, {'action_type': 'Passing', 'goals_added_raw': 0.5592, 'goals_added_above_avg': -0.020800000000000003, 'count_actions': 291}, {'action_type': 'Shotstopping', 'goals_added_raw': -0.4721, 'goals_added_above_avg': -0.14550000000000002, 'count_actions': 46}, {'action_type': 'Sweeping', 'goals_added_raw': 0.0868, 'goals_added_above_avg': 0.1017, 'count_actions': 18}]"
gOMn2jBXMw,kRQand1MKZ,187,"[{'action_type': 'Claiming', 'goals_added_raw': 0, 'goals_added_above_avg': 0.0009000000000000001, 'count_actions': 0}, {'action_type': 'Fielding', 'goals_added_raw': 0.002, 'goals_added_above_avg': 0.012700000000000001, 'count_actions': 19}, {'action_type': 'Handling', 'goals_added_raw': 0.0064, 'goals_added_above_avg': 0.0053, 'count_actions': 6}, {'action_type': 'Passing', 'goals_added_raw': 0.09, 'goals_added_above_avg': -0.0284, 'count_actions': 51}, {'action_type': 'Shotstopping', 'goals_added_raw': 0.0488, 'goals_added_above_avg': 0.1155, 'count_actions': 9}, {'action_type': 'Sweeping', 'goals_added_raw': 0.007, 'goals_added_above_avg': 0.01, 'count_actions': 3}]"
gOMn6lylMw,vzqoOgNqap,2015,"[{'action_type': 'Claiming', 'goals_added_raw': 0.0122, 'goals_added_above_avg': 0.021500000000000002, 'count_actions': 28}, {'action_type': 'Fielding', 'goals_added_raw': 0.0673, 'goals_added_above_avg': 0.18280000000000002, 'count_actions': 461}, {'action_type': 'Handling', 'goals_added_raw': -0.0596, 'goals_added_above_avg': -0.0719, 'count_actions': 55}, {'action_type': 'Passing', 'goals_added_raw': 0.8648, 'goals_added_above_avg': -0.4112, 'count_actions': 675}, {'action_type': 'Shotstopping', 'goals_added_raw': 1.2131, 'goals_added_above_avg': 1.9316, 'count_actions': 77}, {'action_type': 'Sweeping', 'goals_added_raw': 0.0041, 'goals_added_above_avg': 0.0369, 'count_actions': 38}]"
gOMnlA96qw,X0Oq66zq6D,1363,"[{'action_type': 'Claiming', 'goals_added_raw': 0.09870000000000001, 'goals_added_above_avg': 0.105, 'count_actions': 18}, {'action_type': 'Fielding', 'goals_added_raw': 0.0041, 'goals_added_above_avg': 0.0823, 'count_actions': 282}, {'action_type': 'Handling', 'goals_added_raw': -0.0635, 'goals_added_above_avg': -0.0719, 'count_actions': 49}, {'action_type': 'Passing', 'goals_added_raw': 0.7504000000000001, 'goals_added_above_avg': -0.11270000000000001, 'count_actions': 421}, {'action_type': 'Shotstopping', 'goals_added_raw': 1.764, 'goals_added_above_avg': 2.25, 'count_actions': 75}, {'action_type': 'Sweeping', 'goals_added_raw': -0.14100000000000001, 'goals_added_above_avg': -0.1188, 'count_actions': 22}]"
gOMnRnO8Mw,eVq3ya6MWO,100,"[{'action_type': 'Claiming', 'goals_added_raw': 0.0034000000000000002, 'goals_added_above_avg': 0.0039000000000000003, 'count_actions': 2}, {'action_type': 'Fielding', 'goals_added_raw': -0.0023, 'goals_added_above_avg': 0.0035, 'count_actions': 16}, {'action_type': 'Handling', 'goals_added_raw': 0.0095, 'goals_added_above_avg': 0.0089, 'count_actions': 4}, {'action_type': 'Passing', 'goals_added_raw': 0.0663, 'goals_added_above_avg': 0.003, 'count_actions': 32}, {'action_type': 'Shotstopping', 'goals_added_raw': -2.3912, 'goals_added_above_avg': -2.3555, 'count_actions': 9}, {'action_type': 'Sweeping', 'goals_added_raw': -0.10020000000000001, 'goals_added_above_avg': -0.09860000000000001, 'count_actions': 5}]"
gOMnRzymMw,WBLMvYAQxe,1214,"[{'action_type': 'Claiming', 'goals_added_raw': -0.0396, 'goals_added_above_avg': -0.034, 'count_actions': 16}, {'action_type': 'Fielding', 'goals_added_raw': 0.0505, 'goals_added_above_avg': 0.12010000000000001, 'count_actions': 352}, {'action_type': 'Handling', 'goals_added_raw': -0.3689, 'goals_added_above_avg': -0.3763, 'count_actions': 49}, {'action_type': 'Passing', 'goals_added_raw': 1.0033, 'goals_added_above_avg': 0.23450000000000001, 'count_actions': 469}, {'action_type': 'Shotstopping', 'goals_added_raw': 2.5811, 'goals_added_above_avg': 3.014, 'count_actions': 64}, {'action_type': 'Sweeping', 'goals_added_raw': 0.2985, 'goals_added_above_avg': 0.31820000000000004, 'count_actions': 34}]"
gpMO4XD5zy,zeQZkL1MKw,1186,"[{'action_type': 'Claiming', 'goals_added_raw': 0.012, 'goals_added_above_avg': 0.0175, 'count_actions': 8}, {'action_type': 'Fielding', 'goals_added_raw': -0.0644, 'goals_added_above_avg': 0.0036000000000000003, 'count_actions': 338}, {'action_type': 'Handling', 'goals_added_raw': -0.2079, 'goals_added_above_avg': -0.2152, 'count_actions': 37}, {'action_type': 'Passing', 'goals_added_raw': 0.6356, 'goals_added_above_avg': -0.1154, 'count_actions': 446}, {'action_type': 'Shotstopping', 'goals_added_raw': -3.0673, 'goals_added_above_avg': -2.6444, 'count_actions': 56}, {'action_type': 'Sweeping', 'goals_added_raw': 0.32080000000000003, 'goals_added_above_avg': 0.34, 'count_actions': 21}]"
gpMOaPn1qz,mvzqoLZQap,294,"[{'action_type': 'Claiming', 'goals_added_raw': 0.0046, 'goals_added_above_avg': 0.0059, 'count_actions': 2}, {'action_type': 'Fielding', 'goals_added_raw': -0.0083, 'goals_added_above_avg': 0.0086, 'count_actions': 37}, {'action_type': 'Handling', 'goals_added_raw': 0.156, 'goals_added_above_avg': 0.1542, 'count_actions': 13}, {'action_type': 'Passing', 'goals_added_raw': 0.13670000000000002, 'goals_added_above_avg': -0.0495, 'count_actions': 68}, {'action_type': 'Shotstopping', 'goals_added_raw': -0.15360000000000001, 'goals_added_above_avg': -0.0488, 'count_actions': 23}, {'action_type': 'Sweeping', 'goals_added_raw': 0.0019, 'goals_added_above_avg': 0.0067, 'count_actions': 8}]"
gpMOoO8rMz,Z2vQ1xlqrA,2038,"[{'action_type': 'Claiming', 'goals_added_raw': -0.0028, 'goals_added_above_avg': 0.0066, 'count_actions': 31}, {'action_type': 'Fielding', 'goals_added_raw': -0.23950000000000002, 'goals_added_above_avg': -0.1227, 'count_actions': 301}, {'action_type': 'Handling', 'goals_added_raw': -0.1356, 'goals_added_above_avg': -0.148, 'count_actions': 68}, {'action_type': 'Passing', 'goals_added_raw': 1.2991000000000001, 'goals_added_above_avg': 0.0086, 'count_actions': 613}, {'action_type': 'Shotstopping', 'goals_added_raw': -1.9297, 'goals_added_above_avg': -1.203, 'count_actions': 103}, {'action_type': 'Sweeping', 'goals_added_raw': -0.222, 'goals_added_above_avg': -0.1889, 'count_actions': 37}]"
jYQJz0RGQG,zeQZBOzQKw,2027,"[{'action_type': 'Claiming', 'goals_added_raw': 0.055, 'goals_added_above_avg': 0.06430000000000001, 'count_actions': 18}, {'action_type': 'Fielding', 'goals_added_raw': -0.3365, 'goals_added_above_avg': -0.22030000000000002, 'count_actions': 444}, {'action_type': 'Handling', 'goals_added_raw': -0.5127, 'goals_added_above_avg': -0.5251, 'count_actions': 61}, {'action_type': 'Passing', 'goals_added_raw': 0.9827, 'goals_added_above_avg': -0.3009, 'count_actions': 650}, {'action_type': 'Shotstopping', 'goals_added_raw': 2.2261, 'goals_added_above_avg': 2.9489, 'count_actions': 85}, {'action_type': 'Sweeping', 'goals_added_raw': 0.18480000000000002, 'goals_added_above_avg': 0.2177, 'count_actions': 45}]"
jYQJz3rWQG,YgOMngl5wN,330,"[{'action_type': 'Claiming', 'goals_added_raw': 0.0019, 'goals_added_above_avg': 0.0034000000000000002, 'count_actions': 2}, {'action_type': 'Fielding', 'goals_added_raw': 0.0118, 'goals_added_above_avg': 0.0307, 'count_actions': 71}, {'action_type': 'Handling', 'goals_added_raw': 0.0346, 'goals_added_above_avg': 0.032600000000000004, 'count_actions': 8}, {'action_type': 'Passing', 'goals_added_raw': 0.1683, 'goals_added_above_avg': -0.0407, 'count_actions': 97}, {'action_type': 'Shotstopping', 'goals_added_raw': -0.8261000000000001, 'goals_added_above_avg': -0.7085, 'count_actions': 15}, {'action_type': 'Sweeping', 'goals_added_raw': 0.1343, 'goals_added_above_avg': 0.13970000000000002, 'count_actions': 3}]"
KAqBgD4Qbg,YgOMngl5wN,1225,"[{'action_type': 'Claiming', 'goals_added_raw': 0.0328, 'goals_added_above_avg': 0.0385, 'count_actions': 7}, {'action_type': 'Fielding', 'goals_added_raw': -0.6477, 'goals_added_above_avg': -0.5775, 'count_actions': 280}, {'action_type': 'Handling', 'goals_added_raw': 0.157, 'goals_added_above_avg': 0.1495, 'count_actions': 27}, {'action_type': 'Passing', 'goals_added_raw': 0.5911000000000001, 'goals_added_above_avg': -0.18460000000000001, 'count_actions': 378}, {'action_type': 'Shotstopping', 'goals_added_raw': -3.7201, 'goals_added_above_avg': -3.2833, 'count_actions': 46}, {'action_type': 'Sweeping', 'goals_added_raw': 0.0429, 'goals_added_above_avg': 0.06280000000000001, 'count_actions': 20}]"
KPqjo08PQ6,mvzqoLZQap,397,"[{'action_type': 'Claiming', 'goals_added_raw': 0.0196, 'goals_added_above_avg': 0.021400000000000002, 'count_actions': 4}, {'action_type': 'Fielding', 'goals_added_raw': 0.045, 'goals_added_above_avg': 0.06770000000000001, 'count_actions': 108}, {'action_type': 'Handling', 'goals_added_raw': 0.009000000000000001, 'goals_added_above_avg': 0.0066, 'count_actions': 3}, {'action_type': 'Passing', 'goals_added_raw': 0.2666, 'goals_added_above_avg': 0.0152, 'count_actions': 150}, {'action_type': 'Shotstopping', 'goals_added_raw': -0.6407, 'goals_added_above_avg': -0.49920000000000003, 'count_actions': 5}, {'action_type': 'Sweeping', 'goals_added_raw': 0.025400000000000002, 'goals_added_above_avg': 0.0318, 'count_actions': 12}]"
KPqjonZyQ6,WBLMvYAQxe,698,"[{'action_type': 'Claiming', 'goals_added_raw': -0.0224, 'goals_added_above_avg': -0.019200000000000002, 'count_actions': 6}, {'action_type': 'Fielding', 'goals_added_raw': 0.0155, 'goals_added_above_avg': 0.0555, 'count_actions': 175}, {'action_type': 'Handling', 'goals_added_raw': -0.0115, 'goals_added_above_avg': -0.0158, 'count_actions': 25}, {'action_type': 'Passing', 'goals_added_raw': 0.3955, 'goals_added_above_avg': -0.0465, 'count_actions': 234}, {'action_type': 'Shotstopping', 'goals_added_raw': -1.1569, 'goals_added_above_avg': -0.908, 'count_actions': 36}, {'action_type': 'Sweeping', 'goals_added_raw': -0.076, 'goals_added_above_avg': -0.06470000000000001, 'count_actions': 13}]"
kRQa22wjMK,jYQJ8EW5GR,1941,"[{'action_type': 'Claiming', 'goals_added_raw': 0.0878, 'goals_added_above_avg': 0.09680000000000001, 'count_actions': 19}, {'action_type': 'Fielding', 'goals_added_raw': 0.0531, 'goals_added_above_avg': 0.16440000000000002, 'count_actions': 243}, {'action_type': 'Handling', 'goals_added_raw': -0.33140000000000003, 'goals_added_above_avg': -0.3432, 'count_actions': 52}, {'action_type': 'Passing', 'goals_added_raw': 0.76, 'goals_added_above_avg': -0.4691, 'count_actions': 480}, {'action_type': 'Shotstopping', 'goals_added_raw': -0.9144, 'goals_added_above_avg': -0.2223, 'count_actions': 77}, {'action_type': 'Sweeping', 'goals_added_raw': 0.1039, 'goals_added_above_avg': 0.1355, 'count_actions': 37}]"
kRQa2LebMK,kRQand1MKZ,1586,"[{'action_type': 'Claiming', 'goals_added_raw': 0.027200000000000002, 'goals_added_above_avg': 0.0346, 'count_actions': 14}, {'action_type': 'Fielding', 'goals_added_raw': 0.006200000000000001, 'goals_added_above_avg': 0.0971, 'count_actions': 334}, {'action_type': 'Handling', 'goals_added_raw': 0.1744, 'goals_added_above_avg': 0.1647, 'count_actions': 42}, {'action_type': 'Passing', 'goals_added_raw': 1.2622, 'goals_added_above_avg': 0.2579, 'count_actions': 543}, {'action_type': 'Shotstopping', 'goals_added_raw': 1.9913, 'goals_added_above_avg': 2.5568, 'count_actions': 54}, {'action_type': 'Sweeping', 'goals_added_raw': 0.0557, 'goals_added_above_avg': 0.0814, 'count_actions': 14}]"
kRQaonbo5K,mvzqoLZQap,1308,"[{'action_type': 'Claiming', 'goals_added_raw': -0.054900000000000004, 'goals_added_above_avg': -0.0488, 'count_actions': 10}, {'action_type': 'Fielding', 'goals_added_raw': -0.0018000000000000002, 'goals_added_above_avg': 0.0732, 'count_actions': 391}, {'action_type': 'Handling', 'goals_added_raw': 0.2073, 'goals_added_above_avg': 0.1993, 'count_actions': 32}, {'action_type': 'Passing', 'goals_added_raw': 1.0343, 'goals_added_above_avg': 0.20600000000000002, 'count_actions': 518}, {'action_type': 'Shotstopping', 'goals_added_raw': 1.2557, 'goals_added_above_avg': 1.7221000000000002, 'count_actions': 46}, {'action_type': 'Sweeping', 'goals_added_raw': -0.2812, 'goals_added_above_avg': -0.2599, 'count_actions': 30}]"
KXMe39a6q6,9z5k7Yg5A3,911,"[{'action_type': 'Claiming', 'goals_added_raw': -0.0055000000000000005, 'goals_added_above_avg': -0.0013000000000000002, 'count_actions': 5}, {'action_type': 'Fielding', 'goals_added_raw': 0.0362, 'goals_added_above_avg': 0.0884, 'count_actions': 104}, {'action_type': 'Handling', 'goals_added_raw': -0.1553, 'goals_added_above_avg': -0.1608, 'count_actions': 11}, {'action_type': 'Passing', 'goals_added_raw': 0.44, 'goals_added_above_avg': -0.1369, 'count_actions': 217}, {'action_type': 'Shotstopping', 'goals_added_raw': -0.5712, 'goals_added_above_avg': -0.24630000000000002, 'count_actions': 20}, {'action_type': 'Sweeping', 'goals_added_raw': 0.1496, 'goals_added_above_avg': 0.16440000000000002, 'count_actions': 8}]"
ljqEjOpzQx,pzeQZ6xQKw,1124,"[{'action_type': 'Claiming', 'goals_added_raw': 0.0379, 'goals_added_above_avg': 0.0431, 'count_actions': 10}, {'action_type': 'Fielding', 'goals_added_raw': 0.048100000000000004, 'goals_added_above_avg': 0.1125, 'count_actions': 184}, {'action_type': 'Handling', 'goals_added_raw': 0.426, 'goals_added_above_avg': 0.41910000000000003, 'count_actions': 44}, {'action_type': 'Passing', 'goals_added_raw': 0.6686000000000001, 'goals_added_above_avg': -0.0431, 'count_actions': 351}, {'action_type': 'Shotstopping', 'goals_added_raw': 5.1737, 'goals_added_above_avg': 5.5745000000000005, 'count_actions': 60}, {'action_type': 'Sweeping', 'goals_added_raw': 0.0637, 'goals_added_above_avg': 0.082, 'count_actions': 25}]"
N6MmeEN0ME,pzeQZ6xQKw,800,"[{'action_type': 'Claiming', 'goals_added_raw': 0.044, 'goals_added_above_avg': 0.0477, 'count_actions': 18}, {'action_type': 'Fielding', 'goals_added_raw': 0.0025, 'goals_added_above_avg': 0.048400000000000006, 'count_actions': 128}, {'action_type': 'Handling', 'goals_added_raw': -0.5014000000000001, 'goals_added_above_avg': -0.5063, 'count_actions': 32}, {'action_type': 'Passing', 'goals_added_raw': 0.5073, 'goals_added_above_avg': 0.0007, 'count_actions': 253}, {'action_type': 'Shotstopping', 'goals_added_raw': 4.5864, 'goals_added_above_avg': 4.8716, 'count_actions': 39}, {'action_type': 'Sweeping', 'goals_added_raw': -0.0756, 'goals_added_above_avg': -0.0626, 'count_actions': 22}]"
NPqxeGOZQ9,0KPqjA456v,1484,"[{'action_type': 'Claiming', 'goals_added_raw': 0.1272, 'goals_added_above_avg': 0.1341, 'count_actions': 18}, {'action_type': 'Fielding', 'goals_added_raw': -0.4813, 'goals_added_above_avg': -0.3962, 'count_actions': 264}, {'action_type': 'Handling', 'goals_added_raw': 0.0145, 'goals_added_above_avg': 0.0054, 'count_actions': 61}, {'action_type': 'Passing', 'goals_added_raw': 0.9505, 'goals_added_above_avg': 0.0108, 'count_actions': 458}, {'action_type': 'Shotstopping', 'goals_added_raw': 3.0541, 'goals_added_above_avg': 3.5832, 'count_actions': 81}, {'action_type': 'Sweeping', 'goals_added_raw': 0.3209, 'goals_added_above_avg': 0.34500000000000003, 'count_actions': 38}]"
Oa5wV6LWM1,Vj58weDM8n,295,"[{'action_type': 'Claiming', 'goals_added_raw': 0.0313, 'goals_added_above_avg': 0.032600000000000004, 'count_actions': 5}, {'action_type': 'Fielding', 'goals_added_raw': 0.010100000000000001, 'goals_added_above_avg': 0.027, 'count_actions': 68}, {'action_type': 'Handling', 'goals_added_raw': -0.20040000000000002, 'goals_added_above_avg': -0.20220000000000002, 'count_actions': 10}, {'action_type': 'Passing', 'goals_added_raw': 0.1499, 'goals_added_above_avg': -0.037, 'count_actions': 96}, {'action_type': 'Shotstopping', 'goals_added_raw': 2.3806, 'goals_added_above_avg': 2.4858000000000002, 'count_actions': 11}, {'action_type': 'Sweeping', 'goals_added_raw': -0.0173, 'goals_added_above_avg': -0.0125, 'count_actions': 4}]"
odMXEAde5Y,pzeQZ6xQKw,96,"[{'action_type': 'Claiming', 'goals_added_raw': 0, 'goals_added_above_avg': 0.0004, 'count_actions': 0}, {'action_type': 'Fielding', 'goals_added_raw': 0.0009000000000000001, 'goals_added_above_avg': 0.0064, 'count_actions': 18}, {'action_type': 'Handling', 'goals_added_raw': -0.0132, 'goals_added_above_avg': -0.013800000000000002, 'count_actions': 3}, {'action_type': 'Passing', 'goals_added_raw': 0.08020000000000001, 'goals_added_above_avg': 0.0194, 'count_actions': 27}, {'action_type': 'Shotstopping', 'goals_added_raw': 0.7707, 'goals_added_above_avg': 0.8049000000000001, 'count_actions': 5}, {'action_type': 'Sweeping', 'goals_added_raw': 0.006900000000000001, 'goals_added_above_avg': 0.0085, 'count_actions': 1}]"
odMXRoXoqY,Vj58weDM8n,1705,"[{'action_type': 'Claiming', 'goals_added_raw': 0.0407, 'goals_added_above_avg': 0.048600000000000004, 'count_actions': 20}, {'action_type': 'Fielding', 'goals_added_raw': 0.0161, 'goals_added_above_avg': 0.1139, 'count_actions': 315}, {'action_type': 'Handling', 'goals_added_raw': 0.3385, 'goals_added_above_avg': 0.3281, 'count_actions': 54}, {'action_type': 'Passing', 'goals_added_raw': 0.806, 'goals_added_above_avg': -0.2737, 'count_actions': 506}, {'action_type': 'Shotstopping', 'goals_added_raw': 4.2625, 'goals_added_above_avg': 4.8705, 'count_actions': 71}, {'action_type': 'Sweeping', 'goals_added_raw': 0.0038, 'goals_added_above_avg': 0.0315, 'count_actions': 28}]"
p6qb4pwM0G,a2lqR4JMr0,1942,"[{'action_type': 'Claiming', 'goals_added_raw': -0.002, 'goals_added_above_avg': 0.007, 'count_actions': 9}, {'action_type': 'Fielding', 'goals_added_raw': -0.1305, 'goals_added_above_avg': -0.019200000000000002, 'count_actions': 665}, {'action_type': 'Handling', 'goals_added_raw': -0.024200000000000003, 'goals_added_above_avg': -0.036000000000000004, 'count_actions': 55}, {'action_type': 'Passing', 'goals_added_raw': 1.3473, 'goals_added_above_avg': 0.11760000000000001, 'count_actions': 789}, {'action_type': 'Shotstopping', 'goals_added_raw': 3.6556, 'goals_added_above_avg': 4.3481, 'count_actions': 81}, {'action_type': 'Sweeping', 'goals_added_raw': 0.15180000000000002, 'goals_added_above_avg': 0.18330000000000002, 'count_actions': 33}]"
p6qbeEd350,gpMOLwl5zy,2004,"[{'action_type': 'Claiming', 'goals_added_raw': 0.20140000000000002, 'goals_added_above_avg': 0.2107, 'count_actions': 37}, {'action_type': 'Fielding', 'goals_added_raw': 0.0796, 'goals_added_above_avg': 0.1945, 'count_actions': 511}, {'action_type': 'Handling', 'goals_added_raw': 0.1935, 'goals_added_above_avg': 0.18130000000000002, 'count_actions': 66}, {'action_type': 'Passing', 'goals_added_raw': 1.6457000000000002, 'goals_added_above_avg': 0.37670000000000003, 'count_actions': 751}, {'action_type': 'Shotstopping', 'goals_added_raw': 3.1171, 'goals_added_above_avg': 3.8317, 'count_actions': 87}, {'action_type': 'Sweeping', 'goals_added_raw': -0.051800000000000006, 'goals_added_above_avg': -0.0193, 'count_actions': 32}]"
p6qborPBQ0,jYQJ8EW5GR,99,"[{'action_type': 'Claiming', 'goals_added_raw': 0.006900000000000001, 'goals_added_above_avg': 0.0074, 'count_actions': 4}, {'action_type': 'Fielding', 'goals_added_raw': 0, 'goals_added_above_avg': 0.0057, 'count_actions': 2}, {'action_type': 'Handling', 'goals_added_raw': -0.0034000000000000002, 'goals_added_above_avg': -0.004, 'count_actions': 5}, {'action_type': 'Passing', 'goals_added_raw': 0.0207, 'goals_added_above_avg': -0.042, 'count_actions': 25}, {'action_type': 'Shotstopping', 'goals_added_raw': 0.09920000000000001, 'goals_added_above_avg': 0.1345, 'count_actions': 6}, {'action_type': 'Sweeping', 'goals_added_raw': 0.0057, 'goals_added_above_avg': 0.0073, 'count_actions': 2}]"
raMyAW6BMd,APk5LGOMOW,197,"[{'action_type': 'Claiming', 'goals_added_raw': 0.0262, 'goals_added_above_avg': 0.027100000000000003, 'count_actions': 4}, {'action_type': 'Fielding', 'goals_added_raw': 0.0022, 'goals_added_above_avg': 0.0135, 'count_actions': 55}, {'action_type': 'Handling', 'goals_added_raw': 0.0099, 'goals_added_above_avg': 0.008700000000000001, 'count_actions': 7}, {'action_type': 'Passing', 'goals_added_raw': 0.12480000000000001, 'goals_added_above_avg': 9.113200000000001e-06, 'count_actions': 69}, {'action_type': 'Shotstopping', 'goals_added_raw': -2.3487999999999998, 'goals_added_above_avg': -2.2785, 'count_actions': 14}, {'action_type': 'Sweeping', 'goals_added_raw': 0.0082, 'goals_added_above_avg': 0.0114, 'count_actions': 4}]"
Xj5Y43JyMb,X0Oq66zq6D,559,"[{'action_type': 'Claiming', 'goals_added_raw': 0.0443, 'goals_added_above_avg': 0.046900000000000004, 'count_actions': 7}, {'action_type': 'Fielding', 'goals_added_raw': -0.3043, 'goals_added_above_avg': -0.2722, 'count_actions': 102}, {'action_type': 'Handling', 'goals_added_raw': -0.0853, 'goals_added_above_avg': -0.0887, 'count_actions': 7}, {'action_type': 'Passing', 'goals_added_raw': 0.2449, 'goals_added_above_avg': -0.1091, 'count_actions': 164}, {'action_type': 'Shotstopping', 'goals_added_raw': -1.691, 'goals_added_above_avg': -1.4917, 'count_actions': 13}, {'action_type': 'Sweeping', 'goals_added_raw': -0.2853, 'goals_added_above_avg': -0.2762, 'count_actions': 11}]"
XVqKneW501,jYQJ19EqGR,1707,"[{'action_type': 'Claiming', 'goals_added_raw': 0.1012, 'goals_added_above_avg': 0.1092, 'count_actions': 14}, {'action_type': 'Fielding', 'goals_added_raw': -0.082, 'goals_added_above_avg': 0.0158, 'count_actions': 271}, {'action_type': 'Handling', 'goals_added_raw': -0.28, 'goals_added_above_avg': -0.2904, 'count_actions': 44}, {'action_type': 'Passing', 'goals_added_raw': 0.779, 'goals_added_above_avg': -0.3019, 'count_actions': 488}, {'action_type': 'Shotstopping', 'goals_added_raw': 0.5412, 'goals_added_above_avg': 1.1499, 'count_actions': 61}, {'action_type': 'Sweeping', 'goals_added_raw': 0.0061, 'goals_added_above_avg': 0.0339, 'count_actions': 14}]"
xW5pxyxB5g,NPqxKXZ59d,200,"[{'action_type': 'Claiming', 'goals_added_raw': 0.0206, 'goals_added_above_avg': 0.021500000000000002, 'count_actions': 4}, {'action_type': 'Fielding', 'goals_added_raw': 0.0017000000000000001, 'goals_added_above_avg': 0.0132, 'count_actions': 39}, {'action_type': 'Handling', 'goals_added_raw': 0.12840000000000001, 'goals_added_above_avg': 0.12710000000000002, 'count_actions': 9}, {'action_type': 'Passing', 'goals_added_raw': 0.0881, 'goals_added_above_avg': -0.0385, 'count_actions': 62}, {'action_type': 'Shotstopping', 'goals_added_raw': 0.9617, 'goals_added_above_avg': 1.033, 'count_actions': 11}, {'action_type': 'Sweeping', 'goals_added_raw': 0.046700000000000005, 'goals_added_above_avg': 0.05, 'count_actions': 4}]"
0x5gL4GRq7,0OlMlzRqLz,1399,"[{'action_type': 'Claiming', 'goals_added_raw': 0.0364, 'goals_added_above_avg': 0.030600000000000002, 'count_actions': 18}, {'action_type': 'Fielding', 'goals_added_raw': 0.0054, 'goals_added_above_avg': 0.0954, 'count_actions': 325}, {'action_type': 'Handling', 'goals_added_raw': -0.7789, 'goals_added_above_avg': -0.7616, 'count_actions': 35}, {'action_type': 'Passing', 'goals_added_raw': 0.81, 'goals_added_above_avg': -0.1273, 'count_actions': 450}, {'action_type': 'Shotstopping', 'goals_added_raw': 4.3339, 'goals_added_above_avg': 4.7758, 'count_actions': 47}, {'action_type': 'Sweeping', 'goals_added_raw': 0.0585, 'goals_added_above_avg': 0.0988, 'count_actions': 31}]"
0x5gLePjq7,0Oq62Dgq6D,138,"[{'action_type': 'Claiming', 'goals_added_raw': 0.0022, 'goals_added_above_avg': 0.0016, 'count_actions': 1}, {'action_type': 'Fielding', 'goals_added_raw': -0.0091, 'goals_added_above_avg': -0.0002, 'count_actions': 46}, {'action_type': 'Handling', 'goals_added_raw': -0.1282, 'goals_added_above_avg': -0.1265, 'count_actions': 5}, {'action_type': 'Passing', 'goals_added_raw': 0.1144, 'goals_added_above_avg': 0.0219, 'count_actions': 65}, {'action_type': 'Shotstopping', 'goals_added_raw': 0.6161, 'goals_added_above_avg': 0.6597000000000001, 'count_actions': 5}, {'action_type': 'Sweeping', 'goals_added_raw': 0.112, 'goals_added_above_avg': 0.116, 'count_actions': 6}]"
2lqR7VG4Qr,4JMAZ1D5Kg,1489,"[{'action_type': 'Claiming', 'goals_added_raw': 0.0048000000000000004, 'goals_added_above_avg': -0.0014, 'count_actions': 21}, {'action_type': 'Fielding', 'goals_added_raw': 0.0604, 'goals_added_above_avg': 0.1562, 'count_actions': 420}, {'action_type': 'Handling', 'goals_added_raw': -0.8697, 'goals_added_above_avg': -0.8512000000000001, 'count_actions': 52}, {'action_type': 'Passing', 'goals_added_raw': 1.0359, 'goals_added_above_avg': 0.0383, 'count_actions': 574}, {'action_type': 'Shotstopping', 'goals_added_raw': 4.1538, 'goals_added_above_avg': 4.6242, 'count_actions': 69}, {'action_type': 'Sweeping', 'goals_added_raw': 0.1073, 'goals_added_above_avg': 0.1502, 'count_actions': 31}]"
315VPWx9Q9,9z5kAmbQA3,402,"[{'action_type': 'Claiming', 'goals_added_raw': 0.053200000000000004, 'goals_added_above_avg': 0.051500000000000004, 'count_actions': 7}, {'action_type': 'Fielding', 'goals_added_raw': -0.017, 'goals_added_above_avg': 0.0088, 'count_actions': 106}, {'action_type': 'Handling', 'goals_added_raw': 0.0654, 'goals_added_above_avg': 0.0704, 'count_actions': 10}, {'action_type': 'Passing', 'goals_added_raw': 0.25670000000000004, 'goals_added_above_avg': -0.0126, 'count_actions': 158}, {'action_type': 'Shotstopping', 'goals_added_raw': -1.1678, 'goals_added_above_avg': -1.0408, 'count_actions': 16}, {'action_type': 'Sweeping', 'goals_added_raw': -0.20520000000000002, 'goals_added_above_avg': -0.19360000000000002, 'count_actions': 16}]"
4JMA2D75Kg,9vQ2ZkaQK6,1124,"[{'action_type': 'Claiming', 'goals_added_raw': 0.0946, 'goals_added_above_avg': 0.08990000000000001, 'count_actions': 19}, {'action_type': 'Fielding', 'goals_added_raw': -0.0099, 'goals_added_above_avg': 0.062400000000000004, 'count_actions': 91}, {'action_type': 'Handling', 'goals_added_raw': -0.39590000000000003, 'goals_added_above_avg': -0.382, 'count_actions': 35}, {'action_type': 'Passing', 'goals_added_raw': 0.5496, 'goals_added_above_avg': -0.2034, 'count_actions': 294}, {'action_type': 'Shotstopping', 'goals_added_raw': 0.4751, 'goals_added_above_avg': 0.8301000000000001, 'count_actions': 50}, {'action_type': 'Sweeping', 'goals_added_raw': 0.0181, 'goals_added_above_avg': 0.0505, 'count_actions': 25}]"
4JMAkxD7qK,2vQ1NowMrA,506,"[{'action_type': 'Claiming', 'goals_added_raw': 0.0227, 'goals_added_above_avg': 0.0206, 'count_actions': 9}, {'action_type': 'Fielding', 'goals_added_raw': -0.050800000000000005, 'goals_added_above_avg': -0.0183, 'count_actions': 87}, {'action_type': 'Handling', 'goals_added_raw': -0.3478, 'goals_added_above_avg': -0.3416, 'count_actions': 13}, {'action_type': 'Passing', 'goals_added_raw': 0.2222, 'goals_added_above_avg': -0.1168, 'count_actions': 146}, {'action_type': 'Shotstopping', 'goals_added_raw': 0.0419, 'goals_added_above_avg': 0.2018, 'count_actions': 19}, {'action_type': 'Sweeping', 'goals_added_raw': -0.0224, 'goals_added_above_avg': -0.0078000000000000005, 'count_actions': 2}]"
4wM42jPpqj,7VqGZE35vW,1279,"[{'action_type': 'Claiming', 'goals_added_raw': 0.0492, 'goals_added_above_avg': 0.0439, 'count_actions': 12}, {'action_type': 'Fielding', 'goals_added_raw': 0.016900000000000002, 'goals_added_above_avg': 0.09920000000000001, 'count_actions': 218}, {'action_type': 'Handling', 'goals_added_raw': -0.3427, 'goals_added_above_avg': -0.3269, 'count_actions': 38}, {'action_type': 'Passing', 'goals_added_raw': 0.7197, 'goals_added_above_avg': -0.13720000000000002, 'count_actions': 386}, {'action_type': 'Shotstopping', 'goals_added_raw': 0.7196, 'goals_added_above_avg': 1.1236, 'count_actions': 56}, {'action_type': 'Sweeping', 'goals_added_raw': -0.060500000000000005, 'goals_added_above_avg': -0.023700000000000002, 'count_actions': 22}]"
4wM4aeBz5j,4wM4lGgMjB,1324,"[{'action_type': 'Claiming', 'goals_added_raw': -0.2399, 'goals_added_above_avg': -0.24550000000000002, 'count_actions': 14}, {'action_type': 'Fielding', 'goals_added_raw': -0.029400000000000003, 'goals_added_above_avg': 0.0557, 'count_actions': 199}, {'action_type': 'Handling', 'goals_added_raw': -0.7908000000000001, 'goals_added_above_avg': -0.7744000000000001, 'count_actions': 37}, {'action_type': 'Passing', 'goals_added_raw': 0.8151, 'goals_added_above_avg': -0.0719, 'count_actions': 449}, {'action_type': 'Shotstopping', 'goals_added_raw': 2.6692, 'goals_added_above_avg': 3.0874, 'count_actions': 50}, {'action_type': 'Sweeping', 'goals_added_raw': 0.009000000000000001, 'goals_added_above_avg': 0.0471, 'count_actions': 24}]"
7vQ7rmKYqD,9YqdojR5vJ,499,"[{'action_type': 'Claiming', 'goals_added_raw': 0.048600000000000004, 'goals_added_above_avg': 0.0465, 'count_actions': 7}, {'action_type': 'Fielding', 'goals_added_raw': 0.047400000000000005, 'goals_added_above_avg': 0.0795, 'count_actions': 180}, {'action_type': 'Handling', 'goals_added_raw': 0.0567, 'goals_added_above_avg': 0.0629, 'count_actions': 15}, {'action_type': 'Passing', 'goals_added_raw': 0.5141, 'goals_added_above_avg': 0.17980000000000002, 'count_actions': 220}, {'action_type': 'Shotstopping', 'goals_added_raw': -0.5346000000000001, 'goals_added_above_avg': -0.377, 'count_actions': 24}, {'action_type': 'Sweeping', 'goals_added_raw': -0.1018, 'goals_added_above_avg': -0.0874, 'count_actions': 14}]"
7VqGJAXx5v,gpMOoo1Mzy,1295,"[{'action_type': 'Claiming', 'goals_added_raw': -0.046700000000000005, 'goals_added_above_avg': -0.0522, 'count_actions': 15}, {'action_type': 'Fielding', 'goals_added_raw': -0.2887, 'goals_added_above_avg': -0.2054, 'count_actions': 112}, {'action_type': 'Handling', 'goals_added_raw': -0.2868, 'goals_added_above_avg': -0.27080000000000004, 'count_actions': 28}, {'action_type': 'Passing', 'goals_added_raw': 0.5894, 'goals_added_above_avg': -0.2782, 'count_actions': 326}, {'action_type': 'Shotstopping', 'goals_added_raw': -1.0265, 'goals_added_above_avg': -0.6174000000000001, 'count_actions': 40}, {'action_type': 'Sweeping', 'goals_added_raw': -0.057600000000000005, 'goals_added_above_avg': -0.020300000000000002, 'count_actions': 15}]"
9z5k2JJMA3,7VqGZE35vW,154,"[{'action_type': 'Claiming', 'goals_added_raw': 0.0135, 'goals_added_above_avg': 0.0129, 'count_actions': 1}, {'action_type': 'Fielding', 'goals_added_raw': -0.0027, 'goals_added_above_avg': 0.007200000000000001, 'count_actions': 24}, {'action_type': 'Handling', 'goals_added_raw': 0.0088, 'goals_added_above_avg': 0.010700000000000001, 'count_actions': 3}, {'action_type': 'Passing', 'goals_added_raw': 0.1041, 'goals_added_above_avg': 0.0009000000000000001, 'count_actions': 50}, {'action_type': 'Shotstopping', 'goals_added_raw': -1.1918, 'goals_added_above_avg': -1.1431, 'count_actions': 8}, {'action_type': 'Sweeping', 'goals_added_raw': 0.0188, 'goals_added_above_avg': 0.023200000000000002, 'count_actions': 2}]"
9z5k3ZVJ5A,KAqBvpmqbg,1513,"[{'action_type': 'Claiming', 'goals_added_raw': 0.09870000000000001, 'goals_added_above_avg': 0.09240000000000001, 'count_actions': 22}, {'action_type': 'Fielding', 'goals_added_raw': -0.247, 'goals_added_above_avg': -0.1497, 'count_actions': 352}, {'action_type': 'Handling', 'goals_added_raw': -0.4914, 'goals_added_above_avg': -0.4727, 'count_actions': 43}, {'action_type': 'Passing', 'goals_added_raw': 1.0878, 'goals_added_above_avg': 0.0742, 'count_actions': 513}, {'action_type': 'Shotstopping', 'goals_added_raw': 3.1671, 'goals_added_above_avg': 3.6451000000000002, 'count_actions': 62}, {'action_type': 'Sweeping', 'goals_added_raw': 0.0966, 'goals_added_above_avg': 0.14020000000000002, 'count_actions': 40}]"
9z5kb9elMA,e7MzZbKMr0,1017,"[{'action_type': 'Claiming', 'goals_added_raw': 0.10210000000000001, 'goals_added_above_avg': 0.0978, 'count_actions': 17}, {'action_type': 'Fielding', 'goals_added_raw': 0.0019, 'goals_added_above_avg': 0.0673, 'count_actions': 89}, {'action_type': 'Handling', 'goals_added_raw': -0.3049, 'goals_added_above_avg': -0.2923, 'count_actions': 22}, {'action_type': 'Passing', 'goals_added_raw': 0.5878, 'goals_added_above_avg': -0.0935, 'count_actions': 275}, {'action_type': 'Shotstopping', 'goals_added_raw': 1.7423000000000002, 'goals_added_above_avg': 2.0636, 'count_actions': 29}, {'action_type': 'Sweeping', 'goals_added_raw': -0.2619, 'goals_added_above_avg': -0.2326, 'count_actions': 18}]"
e7MzJZ26Mr,e7MzZbKMr0,209,"[{'action_type': 'Claiming', 'goals_added_raw': 0.0019, 'goals_added_above_avg': 0.001, 'count_actions': 1}, {'action_type': 'Fielding', 'goals_added_raw': 0.010700000000000001, 'goals_added_above_avg': 0.024200000000000003, 'count_actions': 31}, {'action_type': 'Handling', 'goals_added_raw': 0.031400000000000004, 'goals_added_above_avg': 0.034, 'count_actions': 2}, {'action_type': 'Passing', 'goals_added_raw': 0.095, 'goals_added_above_avg': -0.045, 'count_actions': 62}, {'action_type': 'Shotstopping', 'goals_added_raw': -0.022600000000000002, 'goals_added_above_avg': 0.0434, 'count_actions': 4}, {'action_type': 'Sweeping', 'goals_added_raw': -0.0182, 'goals_added_above_avg': -0.0122, 'count_actions': 7}]"
eVq3x1KvQW,0Oq6332Q6D,1320,"[{'action_type': 'Claiming', 'goals_added_raw': -0.10540000000000001, 'goals_added_above_avg': -0.111, 'count_actions': 21}, {'action_type': 'Fielding', 'goals_added_raw': -0.0021000000000000003, 'goals_added_above_avg': 0.0828, 'count_actions': 150}, {'action_type': 'Handling', 'goals_added_raw': 0.45640000000000003, 'goals_added_above_avg': 0.4727, 'count_actions': 31}, {'action_type': 'Passing', 'goals_added_raw': 0.8507, 'goals_added_above_avg': -0.0337, 'count_actions': 365}, {'action_type': 'Shotstopping', 'goals_added_raw': 5.9733, 'goals_added_above_avg': 6.3902, 'count_actions': 41}, {'action_type': 'Sweeping', 'goals_added_raw': 0.1193, 'goals_added_above_avg': 0.1574, 'count_actions': 32}]"
gjMNR6bBMK,9z5kAmbQA3,996,"[{'action_type': 'Claiming', 'goals_added_raw': -0.0068000000000000005, 'goals_added_above_avg': -0.011, 'count_actions': 10}, {'action_type': 'Fielding', 'goals_added_raw': -0.013900000000000001, 'goals_added_above_avg': 0.050100000000000006, 'count_actions': 278}, {'action_type': 'Handling', 'goals_added_raw': -0.1854, 'goals_added_above_avg': -0.1731, 'count_actions': 20}, {'action_type': 'Passing', 'goals_added_raw': 1.0363, 'goals_added_above_avg': 0.369, 'count_actions': 406}, {'action_type': 'Shotstopping', 'goals_added_raw': 0.7294, 'goals_added_above_avg': 1.044, 'count_actions': 30}, {'action_type': 'Sweeping', 'goals_added_raw': -0.5768, 'goals_added_above_avg': -0.5482, 'count_actions': 23}]"
gpMOawV2qz,wvq9J83QWn,1096,"[{'action_type': 'Claiming', 'goals_added_raw': -0.0762, 'goals_added_above_avg': -0.08080000000000001, 'count_actions': 15}, {'action_type': 'Fielding', 'goals_added_raw': 0.0004, 'goals_added_above_avg': 0.0709, 'count_actions': 177}, {'action_type': 'Handling', 'goals_added_raw': -0.0888, 'goals_added_above_avg': -0.0752, 'count_actions': 23}, {'action_type': 'Passing', 'goals_added_raw': 0.4219, 'goals_added_above_avg': -0.3124, 'count_actions': 307}, {'action_type': 'Shotstopping', 'goals_added_raw': 0.30210000000000004, 'goals_added_above_avg': 0.6483, 'count_actions': 40}, {'action_type': 'Sweeping', 'goals_added_raw': -0.1072, 'goals_added_above_avg': -0.0756, 'count_actions': 18}]"
jYQJaaOEqG,2lqRjjnqr0,1210,"[{'action_type': 'Claiming', 'goals_added_raw': 0.0709, 'goals_added_above_avg': 0.0658, 'count_actions': 21}, {'action_type': 'Fielding', 'goals_added_raw': -0.0286, 'goals_added_above_avg': 0.049300000000000004, 'count_actions': 91}, {'action_type': 'Handling', 'goals_added_raw': -0.33280000000000004, 'goals_added_above_avg': -0.3178, 'count_actions': 26}, {'action_type': 'Passing', 'goals_added_raw': 0.5138, 'goals_added_above_avg': -0.2968, 'count_actions': 318}, {'action_type': 'Shotstopping', 'goals_added_raw': -2.3476, 'goals_added_above_avg': -1.9654, 'count_actions': 46}, {'action_type': 'Sweeping', 'goals_added_raw': 0.1661, 'goals_added_above_avg': 0.201, 'count_actions': 26}]"
jYQJaDwkqG,OlMlejP5Lz,1489,"[{'action_type': 'Claiming', 'goals_added_raw': -0.0092, 'goals_added_above_avg': -0.0155, 'count_actions': 20}, {'action_type': 'Fielding', 'goals_added_raw': 0.0044, 'goals_added_above_avg': 0.10010000000000001, 'count_actions': 164}, {'action_type': 'Handling', 'goals_added_raw': -0.0546, 'goals_added_above_avg': -0.0362, 'count_actions': 36}, {'action_type': 'Passing', 'goals_added_raw': 0.763, 'goals_added_above_avg': -0.2346, 'count_actions': 366}, {'action_type': 'Shotstopping', 'goals_added_raw': 1.6716000000000002, 'goals_added_above_avg': 2.142, 'count_actions': 46}, {'action_type': 'Sweeping', 'goals_added_raw': -0.077, 'goals_added_above_avg': -0.0341, 'count_actions': 22}]"
jYQJawgVqG,kRQaeY8QKZ,1323,"[{'action_type': 'Claiming', 'goals_added_raw': 0.026600000000000002, 'goals_added_above_avg': 0.0211, 'count_actions': 14}, {'action_type': 'Fielding', 'goals_added_raw': -0.006900000000000001, 'goals_added_above_avg': 0.0782, 'count_actions': 352}, {'action_type': 'Handling', 'goals_added_raw': 0.1496, 'goals_added_above_avg': 0.166, 'count_actions': 29}, {'action_type': 'Passing', 'goals_added_raw': 1.1196, 'goals_added_above_avg': 0.2333, 'count_actions': 487}, {'action_type': 'Shotstopping', 'goals_added_raw': -4.2937, 'goals_added_above_avg': -3.8758, 'count_actions': 49}, {'action_type': 'Sweeping', 'goals_added_raw': 0.0205, 'goals_added_above_avg': 0.058600000000000006, 'count_actions': 32}]"
KAqBNNXJqb,wvq9J83QWn,308,"[{'action_type': 'Claiming', 'goals_added_raw': 0.0106, 'goals_added_above_avg': 0.009300000000000001, 'count_actions': 3}, {'action_type': 'Fielding', 'goals_added_raw': 0.0027, 'goals_added_above_avg': 0.022500000000000003, 'count_actions': 30}, {'action_type': 'Handling', 'goals_added_raw': -0.0369, 'goals_added_above_avg': -0.033100000000000004, 'count_actions': 10}, {'action_type': 'Passing', 'goals_added_raw': 0.0684, 'goals_added_above_avg': -0.1379, 'count_actions': 72}, {'action_type': 'Shotstopping', 'goals_added_raw': 1.7005, 'goals_added_above_avg': 1.7978, 'count_actions': 14}, {'action_type': 'Sweeping', 'goals_added_raw': -0.1321, 'goals_added_above_avg': -0.1232, 'count_actions': 2}]"
KXMe3DrXq6,NWMWg9LMlz,999,"[{'action_type': 'Claiming', 'goals_added_raw': 0.027200000000000002, 'goals_added_above_avg': 0.023100000000000002, 'count_actions': 19}, {'action_type': 'Fielding', 'goals_added_raw': -0.0843, 'goals_added_above_avg': -0.02, 'count_actions': 125}, {'action_type': 'Handling', 'goals_added_raw': -0.42450000000000004, 'goals_added_above_avg': -0.4121, 'count_actions': 20}, {'action_type': 'Passing', 'goals_added_raw': 0.44260000000000005, 'goals_added_above_avg': -0.2267, 'count_actions': 287}, {'action_type': 'Shotstopping', 'goals_added_raw': -0.6206, 'goals_added_above_avg': -0.305, 'count_actions': 32}, {'action_type': 'Sweeping', 'goals_added_raw': 0.13140000000000002, 'goals_added_above_avg': 0.1602, 'count_actions': 27}]"
N6MmKd8RqE,7VqGLwzQvW,910,"[{'action_type': 'Claiming', 'goals_added_raw': 0.0415, 'goals_added_above_avg': 0.037700000000000004, 'count_actions': 16}, {'action_type': 'Fielding', 'goals_added_raw': -0.0985, 'goals_added_above_avg': -0.04, 'count_actions': 152}, {'action_type': 'Handling', 'goals_added_raw': -0.5478000000000001, 'goals_added_above_avg': -0.5366000000000001, 'count_actions': 24}, {'action_type': 'Passing', 'goals_added_raw': 0.543, 'goals_added_above_avg': -0.0666, 'count_actions': 255}, {'action_type': 'Shotstopping', 'goals_added_raw': -3.1728, 'goals_added_above_avg': -2.8854, 'count_actions': 38}, {'action_type': 'Sweeping', 'goals_added_raw': 0.13290000000000002, 'goals_added_above_avg': 0.15910000000000002, 'count_actions': 12}]"
NPqxm12kQ9,Oa5w0kDq14,1393,"[{'action_type': 'Claiming', 'goals_added_raw': -0.2531, 'goals_added_above_avg': -0.2589, 'count_actions': 24}, {'action_type': 'Fielding', 'goals_added_raw': -0.0115, 'goals_added_above_avg': 0.0781, 'count_actions': 264}, {'action_type': 'Handling', 'goals_added_raw': -0.2441, 'goals_added_above_avg': -0.22690000000000002, 'count_actions': 40}, {'action_type': 'Passing', 'goals_added_raw': 0.9524, 'goals_added_above_avg': 0.019200000000000002, 'count_actions': 457}, {'action_type': 'Shotstopping', 'goals_added_raw': 2.4855, 'goals_added_above_avg': 2.9255, 'count_actions': 57}, {'action_type': 'Sweeping', 'goals_added_raw': 0.0018000000000000002, 'goals_added_above_avg': 0.0419, 'count_actions': 19}]"
Oa5w0D8jq1,0OlMlzRqLz,100,"[{'action_type': 'Claiming', 'goals_added_raw': 0.0011, 'goals_added_above_avg': 0.0007, 'count_actions': 1}, {'action_type': 'Fielding', 'goals_added_raw': -0.0361, 'goals_added_above_avg': -0.0297, 'count_actions': 17}, {'action_type': 'Handling', 'goals_added_raw': 0.014700000000000001, 'goals_added_above_avg': 0.016, 'count_actions': 1}, {'action_type': 'Passing', 'goals_added_raw': 0.0893, 'goals_added_above_avg': 0.0223, 'count_actions': 28}, {'action_type': 'Shotstopping', 'goals_added_raw': -0.3941, 'goals_added_above_avg': -0.36250000000000004, 'count_actions': 3}, {'action_type': 'Sweeping', 'goals_added_raw': -0.0012000000000000001, 'goals_added_above_avg': 0.0017000000000000001, 'count_actions': 1}]"
odMX7vb2QY,Pk5LzyGQOW,310,"[{'action_type': 'Claiming', 'goals_added_raw': 0.0103, 'goals_added_above_avg': 0.009000000000000001, 'count_actions': 3}, {'action_type': 'Fielding', 'goals_added_raw': 0.0002, 'goals_added_above_avg': 0.020200000000000003, 'count_actions': 52}, {'action_type': 'Handling', 'goals_added_raw': -0.1471, 'goals_added_above_avg': -0.1433, 'count_actions': 10}, {'action_type': 'Passing', 'goals_added_raw': 0.0918, 'goals_added_above_avg': -0.1159, 'count_actions': 90}, {'action_type': 'Shotstopping', 'goals_added_raw': -0.2642, 'goals_added_above_avg': -0.1663, 'count_actions': 17}, {'action_type': 'Sweeping', 'goals_added_raw': -0.313, 'goals_added_above_avg': -0.30410000000000004, 'count_actions': 4}]"
OlMleLlR5L,NWMWg9LMlz,401,"[{'action_type': 'Claiming', 'goals_added_raw': 0.0161, 'goals_added_above_avg': 0.014400000000000001, 'count_actions': 2}, {'action_type': 'Fielding', 'goals_added_raw': 0.0023, 'goals_added_above_avg': 0.0281, 'count_actions': 40}, {'action_type': 'Handling', 'goals_added_raw': -0.1327, 'goals_added_above_avg': -0.1277, 'count_actions': 7}, {'action_type': 'Passing', 'goals_added_raw': 0.1032, 'goals_added_above_avg': -0.16540000000000002, 'count_actions': 81}, {'action_type': 'Shotstopping', 'goals_added_raw': -0.45070000000000005, 'goals_added_above_avg': -0.3241, 'count_actions': 12}, {'action_type': 'Sweeping', 'goals_added_raw': 0.0079, 'goals_added_above_avg': 0.0194, 'count_actions': 4}]"
OlMlezO45L,NWMWllL5lz,301,"[{'action_type': 'Claiming', 'goals_added_raw': -0.01, 'goals_added_above_avg': -0.0112, 'count_actions': 4}, {'action_type': 'Fielding', 'goals_added_raw': -0.24480000000000002, 'goals_added_above_avg': -0.2255, 'count_actions': 73}, {'action_type': 'Handling', 'goals_added_raw': -0.1253, 'goals_added_above_avg': -0.12150000000000001, 'count_actions': 10}, {'action_type': 'Passing', 'goals_added_raw': 0.1082, 'goals_added_above_avg': -0.0935, 'count_actions': 108}, {'action_type': 'Shotstopping', 'goals_added_raw': -1.222, 'goals_added_above_avg': -1.1269, 'count_actions': 17}, {'action_type': 'Sweeping', 'goals_added_raw': -0.0369, 'goals_added_above_avg': -0.028300000000000002, 'count_actions': 5}]"
Pk5L1ZeEqO,NWMWllL5lz,1121,"[{'action_type': 'Claiming', 'goals_added_raw': 0.0594, 'goals_added_above_avg': 0.054700000000000006, 'count_actions': 14}, {'action_type': 'Fielding', 'goals_added_raw': 0.0575, 'goals_added_above_avg': 0.1296, 'count_actions': 317}, {'action_type': 'Handling', 'goals_added_raw': -0.34650000000000003, 'goals_added_above_avg': -0.3326, 'count_actions': 31}, {'action_type': 'Passing', 'goals_added_raw': 0.7866000000000001, 'goals_added_above_avg': 0.0356, 'count_actions': 447}, {'action_type': 'Shotstopping', 'goals_added_raw': -0.0983, 'goals_added_above_avg': 0.2558, 'count_actions': 47}, {'action_type': 'Sweeping', 'goals_added_raw': 0.0488, 'goals_added_above_avg': 0.0811, 'count_actions': 25}]"
Pk5LeEjGqO,2vQ1NowMrA,897,"[{'action_type': 'Claiming', 'goals_added_raw': -0.16740000000000002, 'goals_added_above_avg': -0.1711, 'count_actions': 10}, {'action_type': 'Fielding', 'goals_added_raw': -0.0318, 'goals_added_above_avg': 0.025900000000000003, 'count_actions': 123}, {'action_type': 'Handling', 'goals_added_raw': -0.1564, 'goals_added_above_avg': -0.1453, 'count_actions': 23}, {'action_type': 'Passing', 'goals_added_raw': 0.4253, 'goals_added_above_avg': -0.1757, 'count_actions': 248}, {'action_type': 'Shotstopping', 'goals_added_raw': -3.8262, 'goals_added_above_avg': -3.5429, 'count_actions': 40}, {'action_type': 'Sweeping', 'goals_added_raw': -0.2472, 'goals_added_above_avg': -0.22130000000000002, 'count_actions': 20}]"
raMyrpPB5d,Pk5LzyGQOW,1095,"[{'action_type': 'Claiming', 'goals_added_raw': 0.0838, 'goals_added_above_avg': 0.0792, 'count_actions': 17}, {'action_type': 'Fielding', 'goals_added_raw': -0.2867, 'goals_added_above_avg': -0.21630000000000002, 'count_actions': 163}, {'action_type': 'Handling', 'goals_added_raw': 0.0601, 'goals_added_above_avg': 0.0737, 'count_actions': 26}, {'action_type': 'Passing', 'goals_added_raw': 0.655, 'goals_added_above_avg': -0.0786, 'count_actions': 312}, {'action_type': 'Shotstopping', 'goals_added_raw': 2.7954, 'goals_added_above_avg': 3.1413, 'count_actions': 37}, {'action_type': 'Sweeping', 'goals_added_raw': 0.0945, 'goals_added_above_avg': 0.126, 'count_actions': 19}]"
Vj58lZx258,eVq3rNX5WO,1216,"[{'action_type': 'Claiming', 'goals_added_raw': 0.0592, 'goals_added_above_avg': 0.0541, 'count_actions': 17}, {'action_type': 'Fielding', 'goals_added_raw': -0.3644, 'goals_added_above_avg': -0.2861, 'count_actions': 211}, {'action_type': 'Handling', 'goals_added_raw': -0.0095, 'goals_added_above_avg': 0.0055000000000000005, 'count_actions': 29}, {'action_type': 'Passing', 'goals_added_raw': 0.833, 'goals_added_above_avg': 0.0184, 'count_actions': 380}, {'action_type': 'Shotstopping', 'goals_added_raw': -0.063, 'goals_added_above_avg': 0.3211, 'count_actions': 48}, {'action_type': 'Sweeping', 'goals_added_raw': 0.1553, 'goals_added_above_avg': 0.1903, 'count_actions': 13}]"
Vj58WEYwM8,7VqGLwzQvW,517,"[{'action_type': 'Claiming', 'goals_added_raw': 0.056900000000000006, 'goals_added_above_avg': 0.054700000000000006, 'count_actions': 11}, {'action_type': 'Fielding', 'goals_added_raw': -0.023700000000000002, 'goals_added_above_avg': 0.0095, 'count_actions': 75}, {'action_type': 'Handling', 'goals_added_raw': -0.0045000000000000005, 'goals_added_above_avg': 0.0019, 'count_actions': 9}, {'action_type': 'Passing', 'goals_added_raw': 0.3709, 'goals_added_above_avg': 0.0245, 'count_actions': 149}, {'action_type': 'Shotstopping', 'goals_added_raw': -0.1131, 'goals_added_above_avg': 0.0502, 'count_actions': 15}, {'action_type': 'Sweeping', 'goals_added_raw': -0.25420000000000004, 'goals_added_above_avg': -0.2393, 'count_actions': 13}]"
vzqoOKmjqa,9vQ2ZkaQK6,200,"[{'action_type': 'Claiming', 'goals_added_raw': 0.0412, 'goals_added_above_avg': 0.040400000000000005, 'count_actions': 4}, {'action_type': 'Fielding', 'goals_added_raw': 0.0086, 'goals_added_above_avg': 0.021500000000000002, 'count_actions': 40}, {'action_type': 'Handling', 'goals_added_raw': 0.0492, 'goals_added_above_avg': 0.0517, 'count_actions': 5}, {'action_type': 'Passing', 'goals_added_raw': 0.0767, 'goals_added_above_avg': -0.057300000000000004, 'count_actions': 68}, {'action_type': 'Shotstopping', 'goals_added_raw': -0.155, 'goals_added_above_avg': -0.0918, 'count_actions': 8}, {'action_type': 'Sweeping', 'goals_added_raw': -0.231, 'goals_added_above_avg': -0.2252, 'count_actions': 7}]"
vzqordwj5a,7vQ7x3YMD1,1424,"[{'action_type': 'Claiming', 'goals_added_raw': -0.0097, 'goals_added_above_avg': -0.015700000000000002, 'count_actions': 23}, {'action_type': 'Fielding', 'goals_added_raw': 0.0125, 'goals_added_above_avg': 0.1041, 'count_actions': 434}, {'action_type': 'Handling', 'goals_added_raw': -0.0415, 'goals_added_above_avg': -0.0239, 'count_actions': 34}, {'action_type': 'Passing', 'goals_added_raw': 0.976, 'goals_added_above_avg': 0.022, 'count_actions': 604}, {'action_type': 'Shotstopping', 'goals_added_raw': -0.6069, 'goals_added_above_avg': -0.15710000000000002, 'count_actions': 53}, {'action_type': 'Sweeping', 'goals_added_raw': -1.1081, 'goals_added_above_avg': -1.0671, 'count_actions': 38}]"
vzqorxkY5a,0Oq62Dgq6D,1179,"[{'action_type': 'Claiming', 'goals_added_raw': 0.0363, 'goals_added_above_avg': 0.0313, 'count_actions': 13}, {'action_type': 'Fielding', 'goals_added_raw': -0.0238, 'goals_added_above_avg': 0.052000000000000005, 'count_actions': 326}, {'action_type': 'Handling', 'goals_added_raw': -0.39180000000000004, 'goals_added_above_avg': -0.37720000000000004, 'count_actions': 31}, {'action_type': 'Passing', 'goals_added_raw': 0.8904000000000001, 'goals_added_above_avg': 0.1005, 'count_actions': 519}, {'action_type': 'Shotstopping', 'goals_added_raw': -0.3205, 'goals_added_above_avg': 0.0519, 'count_actions': 44}, {'action_type': 'Sweeping', 'goals_added_raw': 0.0004, 'goals_added_above_avg': 0.0344, 'count_actions': 47}]"
wvq9p0Jw5W,2lqRjjnqr0,104,"[{'action_type': 'Claiming', 'goals_added_raw': 0, 'goals_added_above_avg': -0.0004, 'count_actions': 0}, {'action_type': 'Fielding', 'goals_added_raw': 0.0001, 'goals_added_above_avg': 0.0068000000000000005, 'count_actions': 7}, {'action_type': 'Handling', 'goals_added_raw': -0.1509, 'goals_added_above_avg': -0.1496, 'count_actions': 3}, {'action_type': 'Passing', 'goals_added_raw': 0.0391, 'goals_added_above_avg': -0.030600000000000002, 'count_actions': 23}, {'action_type': 'Shotstopping', 'goals_added_raw': -1.074, 'goals_added_above_avg': -1.0412, 'count_actions': 7}, {'action_type': 'Sweeping', 'goals_added_raw': 0.0034000000000000002, 'goals_added_above_avg': 0.0063, 'count_actions': 2}]"
wvq9XxKY5W,Oa5w0kDq14,99,"[{'action_type': 'Claiming', 'goals_added_raw': 0.007, 'goals_added_above_avg': 0.0066, 'count_actions': 1}, {'action_type': 'Fielding', 'goals_added_raw': -0.0055000000000000005, 'goals_added_above_avg': 0.0008, 'count_actions': 26}, {'action_type': 'Handling', 'goals_added_raw': 0.049800000000000004, 'goals_added_above_avg': 0.0511, 'count_actions': 3}, {'action_type': 'Passing', 'goals_added_raw': 0.0684, 'goals_added_above_avg': 0.0021000000000000003, 'count_actions': 40}, {'action_type': 'Shotstopping', 'goals_added_raw': -0.0635, 'goals_added_above_avg': -0.0322, 'count_actions': 7}, {'action_type': 'Sweeping', 'goals_added_raw': 0.0018000000000000002, 'goals_added_above_avg': 0.0046, 'count_actions': 2}]"
zeQZ78jKMK,9YqdojR5vJ,903,"[{'action_type': 'Claiming', 'goals_added_raw': 0.0886, 'goals_added_above_avg': 0.0848, 'count_actions': 17}, {'action_type': 'Fielding', 'goals_added_raw': -0.0033, 'goals_added_above_avg': 0.0548, 'count_actions': 189}, {'action_type': 'Handling', 'goals_added_raw': 0.10400000000000001, 'goals_added_above_avg': 0.11520000000000001, 'count_actions': 15}, {'action_type': 'Passing', 'goals_added_raw': 0.6395000000000001, 'goals_added_above_avg': 0.0345, 'count_actions': 313}, {'action_type': 'Shotstopping', 'goals_added_raw': -0.5605, 'goals_added_above_avg': -0.2752, 'count_actions': 25}, {'action_type': 'Sweeping', 'goals_added_raw': 0.06960000000000001, 'goals_added_above_avg': 0.0956, 'count_actions': 24}]"
0Oq6ErR256,gOMnd3eqwN,99,"[{'action_type': 'Claiming', 'goals_added_raw': 0.0035, 'goals_added_above_avg': 0.0047, 'count_actions': 2}, {'action_type': 'Fielding', 'goals_added_raw': -0.0257, 'goals_added_above_avg': -0.0201, 'count_actions': 11}, {'action_type': 'Handling', 'goals_added_raw': -0.0528, 'goals_added_above_avg': -0.0475, 'count_actions': 1}, {'action_type': 'Passing', 'goals_added_raw': 0.0623, 'goals_added_above_avg': 0.0039000000000000003, 'count_actions': 21}, {'action_type': 'Shotstopping', 'goals_added_raw': -1.5043, 'goals_added_above_avg': -1.4158, 'count_actions': 4}, {'action_type': 'Sweeping', 'goals_added_raw': -0.0026000000000000003, 'goals_added_above_avg': 0.0009000000000000001, 'count_actions': 1}]"
0Oq6LE42M6,Oa5wbm8M14,599,"[{'action_type': 'Claiming', 'goals_added_raw': 0.007500000000000001, 'goals_added_above_avg': 0.014700000000000001, 'count_actions': 8}, {'action_type': 'Fielding', 'goals_added_raw': -0.0111, 'goals_added_above_avg': 0.023, 'count_actions': 73}, {'action_type': 'Handling', 'goals_added_raw': 0.1763, 'goals_added_above_avg': 0.2084, 'count_actions': 16}, {'action_type': 'Passing', 'goals_added_raw': 0.34550000000000003, 'goals_added_above_avg': -0.0077, 'count_actions': 216}, {'action_type': 'Shotstopping', 'goals_added_raw': -3.6636, 'goals_added_above_avg': -3.1282, 'count_actions': 33}, {'action_type': 'Sweeping', 'goals_added_raw': 0.1253, 'goals_added_above_avg': 0.14650000000000002, 'count_actions': 11}]"
0x5g231XM7,vzqoxEZQap,359,"[{'action_type': 'Claiming', 'goals_added_raw': 0.07010000000000001, 'goals_added_above_avg': 0.0745, 'count_actions': 6}, {'action_type': 'Fielding', 'goals_added_raw': 0.0049, 'goals_added_above_avg': 0.0253, 'count_actions': 45}, {'action_type': 'Handling', 'goals_added_raw': -0.1796, 'goals_added_above_avg': -0.16040000000000001, 'count_actions': 19}, {'action_type': 'Passing', 'goals_added_raw': 0.1983, 'goals_added_above_avg': -0.0134, 'count_actions': 95}, {'action_type': 'Shotstopping', 'goals_added_raw': 1.8381, 'goals_added_above_avg': 2.159, 'count_actions': 24}, {'action_type': 'Sweeping', 'goals_added_raw': 0.0258, 'goals_added_above_avg': 0.0385, 'count_actions': 6}]"
315VeWdEM9,p6qb32XQ0G,402,"[{'action_type': 'Claiming', 'goals_added_raw': 0.0378, 'goals_added_above_avg': 0.0426, 'count_actions': 10}, {'action_type': 'Fielding', 'goals_added_raw': -0.008400000000000001, 'goals_added_above_avg': 0.0145, 'count_actions': 43}, {'action_type': 'Handling', 'goals_added_raw': 0.0346, 'goals_added_above_avg': 0.0562, 'count_actions': 4}, {'action_type': 'Passing', 'goals_added_raw': 0.2509, 'goals_added_above_avg': 0.013900000000000001, 'count_actions': 117}, {'action_type': 'Shotstopping', 'goals_added_raw': -2.5993, 'goals_added_above_avg': -2.2399, 'count_actions': 11}, {'action_type': 'Sweeping', 'goals_added_raw': 0.0322, 'goals_added_above_avg': 0.0463, 'count_actions': 7}]"
315Vk6vbq9,e7Mz0LJqr0,505,"[{'action_type': 'Claiming', 'goals_added_raw': -0.1563, 'goals_added_above_avg': -0.1502, 'count_actions': 10}, {'action_type': 'Fielding', 'goals_added_raw': -0.01, 'goals_added_above_avg': 0.0187, 'count_actions': 80}, {'action_type': 'Handling', 'goals_added_raw': 0.2904, 'goals_added_above_avg': 0.3175, 'count_actions': 12}, {'action_type': 'Passing', 'goals_added_raw': 0.2858, 'goals_added_above_avg': -0.012, 'count_actions': 164}, {'action_type': 'Shotstopping', 'goals_added_raw': 0.15560000000000002, 'goals_added_above_avg': 0.607, 'count_actions': 18}, {'action_type': 'Sweeping', 'goals_added_raw': 0.0485, 'goals_added_above_avg': 0.0664, 'count_actions': 17}]"
9vQ22rBeQK,gOMna8JQwN,1173,"[{'action_type': 'Claiming', 'goals_added_raw': -0.11030000000000001, 'goals_added_above_avg': -0.0961, 'count_actions': 7}, {'action_type': 'Fielding', 'goals_added_raw': -0.5434, 'goals_added_above_avg': -0.4767, 'count_actions': 231}, {'action_type': 'Handling', 'goals_added_raw': -0.1105, 'goals_added_above_avg': -0.0475, 'count_actions': 26}, {'action_type': 'Passing', 'goals_added_raw': 0.7009000000000001, 'goals_added_above_avg': 0.0092, 'count_actions': 346}, {'action_type': 'Shotstopping', 'goals_added_raw': -2.6766, 'goals_added_above_avg': -1.6280999999999999, 'count_actions': 50}, {'action_type': 'Sweeping', 'goals_added_raw': -0.6753, 'goals_added_above_avg': -0.6339, 'count_actions': 22}]"
9vQ2NNYmQK,N6MmGYWqEG,102,"[{'action_type': 'Claiming', 'goals_added_raw': 0.0013000000000000002, 'goals_added_above_avg': 0.0025, 'count_actions': 1}, {'action_type': 'Fielding', 'goals_added_raw': 0.006, 'goals_added_above_avg': 0.0118, 'count_actions': 30}, {'action_type': 'Handling', 'goals_added_raw': 0, 'goals_added_above_avg': 0.0055000000000000005, 'count_actions': 0}, {'action_type': 'Passing', 'goals_added_raw': 0.076, 'goals_added_above_avg': 0.0158, 'count_actions': 31}, {'action_type': 'Shotstopping', 'goals_added_raw': -0.1768, 'goals_added_above_avg': -0.08560000000000001, 'count_actions': 1}, {'action_type': 'Sweeping', 'goals_added_raw': -0.0041, 'goals_added_above_avg': -0.0005, 'count_actions': 1}]"
a35rKEZeqL,vzqoxEZQap,965,"[{'action_type': 'Claiming', 'goals_added_raw': 0.057, 'goals_added_above_avg': 0.0687, 'count_actions': 13}, {'action_type': 'Fielding', 'goals_added_raw': -0.6678000000000001, 'goals_added_above_avg': -0.613, 'count_actions': 223}, {'action_type': 'Handling', 'goals_added_raw': -0.6174000000000001, 'goals_added_above_avg': -0.5656, 'count_actions': 29}, {'action_type': 'Passing', 'goals_added_raw': 0.4728, 'goals_added_above_avg': -0.09630000000000001, 'count_actions': 345}, {'action_type': 'Shotstopping', 'goals_added_raw': 2.9068, 'goals_added_above_avg': 3.7694, 'count_actions': 40}, {'action_type': 'Sweeping', 'goals_added_raw': 0.11040000000000001, 'goals_added_above_avg': 0.14450000000000002, 'count_actions': 17}]"
aDQ0N1VE5E,p6qb32XQ0G,726,"[{'action_type': 'Claiming', 'goals_added_raw': 0.057600000000000005, 'goals_added_above_avg': 0.0664, 'count_actions': 16}, {'action_type': 'Fielding', 'goals_added_raw': 0.0285, 'goals_added_above_avg': 0.0698, 'count_actions': 119}, {'action_type': 'Handling', 'goals_added_raw': -0.056600000000000004, 'goals_added_above_avg': -0.0177, 'count_actions': 9}, {'action_type': 'Passing', 'goals_added_raw': 0.4123, 'goals_added_above_avg': -0.0158, 'count_actions': 224}, {'action_type': 'Shotstopping', 'goals_added_raw': -1.2367, 'goals_added_above_avg': -0.5877, 'count_actions': 16}, {'action_type': 'Sweeping', 'goals_added_raw': -0.0357, 'goals_added_above_avg': -0.010100000000000001, 'count_actions': 14}]"
aDQ0Nwk25E,4JMAOrPqKg,1402,"[{'action_type': 'Claiming', 'goals_added_raw': 0.0016, 'goals_added_above_avg': 0.018500000000000003, 'count_actions': 3}, {'action_type': 'Fielding', 'goals_added_raw': 0.0233, 'goals_added_above_avg': 0.10300000000000001, 'count_actions': 228}, {'action_type': 'Handling', 'goals_added_raw': -0.2472, 'goals_added_above_avg': -0.17200000000000001, 'count_actions': 33}, {'action_type': 'Passing', 'goals_added_raw': 0.7342000000000001, 'goals_added_above_avg': -0.0926, 'count_actions': 415}, {'action_type': 'Shotstopping', 'goals_added_raw': 3.7568, 'goals_added_above_avg': 5.01, 'count_actions': 42}, {'action_type': 'Sweeping', 'goals_added_raw': -0.0241, 'goals_added_above_avg': 0.025400000000000002, 'count_actions': 17}]"
e7Mz0rnJqr,gOMna8JQwN,53,"[{'action_type': 'Claiming', 'goals_added_raw': -0.09680000000000001, 'goals_added_above_avg': -0.0961, 'count_actions': 1}, {'action_type': 'Fielding', 'goals_added_raw': -0.0019, 'goals_added_above_avg': 0.0011, 'count_actions': 8}, {'action_type': 'Handling', 'goals_added_raw': 0.006500000000000001, 'goals_added_above_avg': 0.0094, 'count_actions': 1}, {'action_type': 'Passing', 'goals_added_raw': 0.0342, 'goals_added_above_avg': 0.0029000000000000002, 'count_actions': 15}, {'action_type': 'Shotstopping', 'goals_added_raw': 0.25680000000000003, 'goals_added_above_avg': 0.3042, 'count_actions': 1}, {'action_type': 'Sweeping', 'goals_added_raw': 0, 'goals_added_above_avg': 0.0019, 'count_actions': 0}]"
eV5Dz8LJQK,2lqRn0Aqr0,7,"[{'action_type': 'Claiming', 'goals_added_raw': 0, 'goals_added_above_avg': 0.0001, 'count_actions': 0}, {'action_type': 'Fielding', 'goals_added_raw': -0.0004, 'goals_added_above_avg': 0, 'count_actions': 1}, {'action_type': 'Handling', 'goals_added_raw': 0.053700000000000005, 'goals_added_above_avg': 0.054, 'count_actions': 2}, {'action_type': 'Passing', 'goals_added_raw': 0.0011, 'goals_added_above_avg': -0.0031000000000000003, 'count_actions': 2}, {'action_type': 'Shotstopping', 'goals_added_raw': -0.5868, 'goals_added_above_avg': -0.5806, 'count_actions': 4}, {'action_type': 'Sweeping', 'goals_added_raw': 0, 'goals_added_above_avg': 0.0002, 'count_actions': 0}]"
eV5DzmVZQK,2lqRgd2Qr0,401,"[{'action_type': 'Claiming', 'goals_added_raw': 0.0302, 'goals_added_above_avg': 0.035, 'count_actions': 5}, {'action_type': 'Fielding', 'goals_added_raw': -0.0051, 'goals_added_above_avg': 0.0177, 'count_actions': 40}, {'action_type': 'Handling', 'goals_added_raw': -0.0441, 'goals_added_above_avg': -0.022600000000000002, 'count_actions': 7}, {'action_type': 'Passing', 'goals_added_raw': 0.0734, 'goals_added_above_avg': -0.163, 'count_actions': 103}, {'action_type': 'Shotstopping', 'goals_added_raw': -0.605, 'goals_added_above_avg': -0.24650000000000002, 'count_actions': 9}, {'action_type': 'Sweeping', 'goals_added_raw': 0.0033, 'goals_added_above_avg': 0.017400000000000002, 'count_actions': 3}]"
eVq3j1365W,e7Mz0LJqr0,611,"[{'action_type': 'Claiming', 'goals_added_raw': -0.0955, 'goals_added_above_avg': -0.0881, 'count_actions': 4}, {'action_type': 'Fielding', 'goals_added_raw': -0.2414, 'goals_added_above_avg': -0.2066, 'count_actions': 110}, {'action_type': 'Handling', 'goals_added_raw': -0.19060000000000002, 'goals_added_above_avg': -0.1578, 'count_actions': 11}, {'action_type': 'Passing', 'goals_added_raw': 0.179, 'goals_added_above_avg': -0.18130000000000002, 'count_actions': 159}, {'action_type': 'Shotstopping', 'goals_added_raw': -0.5813, 'goals_added_above_avg': -0.0351, 'count_actions': 18}, {'action_type': 'Sweeping', 'goals_added_raw': 0.2401, 'goals_added_above_avg': 0.2617, 'count_actions': 9}]"
gpMOooGEMz,eVq3dWDQWO,711,"[{'action_type': 'Claiming', 'goals_added_raw': 0.0309, 'goals_added_above_avg': 0.0395, 'count_actions': 18}, {'action_type': 'Fielding', 'goals_added_raw': -0.095, 'goals_added_above_avg': -0.0545, 'count_actions': 169}, {'action_type': 'Handling', 'goals_added_raw': -0.1985, 'goals_added_above_avg': -0.16040000000000001, 'count_actions': 24}, {'action_type': 'Passing', 'goals_added_raw': 0.4369, 'goals_added_above_avg': 0.0176, 'count_actions': 275}, {'action_type': 'Shotstopping', 'goals_added_raw': -1.9681000000000002, 'goals_added_above_avg': -1.3326, 'count_actions': 39}, {'action_type': 'Sweeping', 'goals_added_raw': -0.3279, 'goals_added_above_avg': -0.3028, 'count_actions': 31}]"
jYQJYNrWqG,9jYQJ7ZMGR,1425,"[{'action_type': 'Claiming', 'goals_added_raw': -0.0082, 'goals_added_above_avg': 0.009000000000000001, 'count_actions': 22}, {'action_type': 'Fielding', 'goals_added_raw': -0.17400000000000002, 'goals_added_above_avg': -0.09290000000000001, 'count_actions': 318}, {'action_type': 'Handling', 'goals_added_raw': -0.4515, 'goals_added_above_avg': -0.37510000000000004, 'count_actions': 34}, {'action_type': 'Passing', 'goals_added_raw': 1.1974, 'goals_added_above_avg': 0.35710000000000003, 'count_actions': 504}, {'action_type': 'Shotstopping', 'goals_added_raw': -4.4067, 'goals_added_above_avg': -3.1329000000000002, 'count_actions': 58}, {'action_type': 'Sweeping', 'goals_added_raw': -0.0038, 'goals_added_above_avg': 0.0465, 'count_actions': 27}]"
KAqBk46mQb,Oa5wbm8M14,713,"[{'action_type': 'Claiming', 'goals_added_raw': 0.0351, 'goals_added_above_avg': 0.0438, 'count_actions': 13}, {'action_type': 'Fielding', 'goals_added_raw': -0.0332, 'goals_added_above_avg': 0.0073, 'count_actions': 102}, {'action_type': 'Handling', 'goals_added_raw': -0.1257, 'goals_added_above_avg': -0.0874, 'count_actions': 17}, {'action_type': 'Passing', 'goals_added_raw': 0.457, 'goals_added_above_avg': 0.036500000000000005, 'count_actions': 247}, {'action_type': 'Shotstopping', 'goals_added_raw': -1.0184, 'goals_added_above_avg': -0.3811, 'count_actions': 23}, {'action_type': 'Sweeping', 'goals_added_raw': 0.0516, 'goals_added_above_avg': 0.07680000000000001, 'count_actions': 17}]"
ljqE9a0zqx,2lqRn0Aqr0,91,"[{'action_type': 'Claiming', 'goals_added_raw': 0.0008, 'goals_added_above_avg': 0.0019, 'count_actions': 2}, {'action_type': 'Fielding', 'goals_added_raw': -0.0017000000000000001, 'goals_added_above_avg': 0.0035, 'count_actions': 6}, {'action_type': 'Handling', 'goals_added_raw': 0, 'goals_added_above_avg': 0.0049, 'count_actions': 0}, {'action_type': 'Passing', 'goals_added_raw': 0.046400000000000004, 'goals_added_above_avg': -0.0073, 'count_actions': 29}, {'action_type': 'Shotstopping', 'goals_added_raw': 0, 'goals_added_above_avg': 0.0813, 'count_actions': 0}, {'action_type': 'Sweeping', 'goals_added_raw': -0.0823, 'goals_added_above_avg': -0.079, 'count_actions': 4}]"
ljqE9bJYqx,odMX7pAQYL,1317,"[{'action_type': 'Claiming', 'goals_added_raw': 0.079, 'goals_added_above_avg': 0.095, 'count_actions': 25}, {'action_type': 'Fielding', 'goals_added_raw': -0.0179, 'goals_added_above_avg': 0.057, 'count_actions': 145}, {'action_type': 'Handling', 'goals_added_raw': -0.149, 'goals_added_above_avg': -0.07830000000000001, 'count_actions': 34}, {'action_type': 'Passing', 'goals_added_raw': 0.7281000000000001, 'goals_added_above_avg': -0.048600000000000004, 'count_actions': 383}, {'action_type': 'Shotstopping', 'goals_added_raw': 1.9503, 'goals_added_above_avg': 3.1276, 'count_actions': 50}, {'action_type': 'Sweeping', 'goals_added_raw': 0.0857, 'goals_added_above_avg': 0.1322, 'count_actions': 21}]"
NPqxeRAGQ9,2lqRgd2Qr0,402,"[{'action_type': 'Claiming', 'goals_added_raw': 0.00030000000000000003, 'goals_added_above_avg': 0.005200000000000001, 'count_actions': 3}, {'action_type': 'Fielding', 'goals_added_raw': -0.0105, 'goals_added_above_avg': 0.012400000000000001, 'count_actions': 51}, {'action_type': 'Handling', 'goals_added_raw': -0.2008, 'goals_added_above_avg': -0.1792, 'count_actions': 11}, {'action_type': 'Passing', 'goals_added_raw': 0.188, 'goals_added_above_avg': -0.049100000000000005, 'count_actions': 115}, {'action_type': 'Shotstopping', 'goals_added_raw': 1.8718, 'goals_added_above_avg': 2.2312, 'count_actions': 15}, {'action_type': 'Sweeping', 'goals_added_raw': -0.0947, 'goals_added_above_avg': -0.0805, 'count_actions': 8}]"
NWMWgjbEMl,gOMnd3eqwN,200,"[{'action_type': 'Claiming', 'goals_added_raw': 0, 'goals_added_above_avg': 0.0024000000000000002, 'count_actions': 0}, {'action_type': 'Fielding', 'goals_added_raw': -0.003, 'goals_added_above_avg': 0.008400000000000001, 'count_actions': 19}, {'action_type': 'Handling', 'goals_added_raw': -0.0345, 'goals_added_above_avg': -0.0238, 'count_actions': 2}, {'action_type': 'Passing', 'goals_added_raw': 0.07540000000000001, 'goals_added_above_avg': -0.0425, 'count_actions': 48}, {'action_type': 'Shotstopping', 'goals_added_raw': -1.6921, 'goals_added_above_avg': -1.5134, 'count_actions': 5}, {'action_type': 'Sweeping', 'goals_added_raw': 0.1208, 'goals_added_above_avg': 0.1279, 'count_actions': 1}]"
NWMWlXGe5l,jYQJw0PMGR,105,"[{'action_type': 'Claiming', 'goals_added_raw': 0.0267, 'goals_added_above_avg': 0.028, 'count_actions': 2}, {'action_type': 'Fielding', 'goals_added_raw': -0.0033, 'goals_added_above_avg': 0.0027, 'count_actions': 10}, {'action_type': 'Handling', 'goals_added_raw': -0.0037, 'goals_added_above_avg': 0.0019, 'count_actions': 1}, {'action_type': 'Passing', 'goals_added_raw': 0.0217, 'goals_added_above_avg': -0.0402, 'count_actions': 19}, {'action_type': 'Shotstopping', 'goals_added_raw': -0.866, 'goals_added_above_avg': -0.7722, 'count_actions': 3}, {'action_type': 'Sweeping', 'goals_added_raw': -0.0882, 'goals_added_above_avg': -0.0845, 'count_actions': 2}]"
Oa5wKno851,eVq3dWDQWO,412,"[{'action_type': 'Claiming', 'goals_added_raw': -0.0085, 'goals_added_above_avg': -0.0035, 'count_actions': 4}, {'action_type': 'Fielding', 'goals_added_raw': 0.0111, 'goals_added_above_avg': 0.0346, 'count_actions': 83}, {'action_type': 'Handling', 'goals_added_raw': -0.4258, 'goals_added_above_avg': -0.4037, 'count_actions': 16}, {'action_type': 'Passing', 'goals_added_raw': 0.2558, 'goals_added_above_avg': 0.0128, 'count_actions': 141}, {'action_type': 'Shotstopping', 'goals_added_raw': -0.6635, 'goals_added_above_avg': -0.2952, 'count_actions': 27}, {'action_type': 'Sweeping', 'goals_added_raw': -0.0047, 'goals_added_above_avg': 0.0098, 'count_actions': 2}]"
OlMle8905L,2lqRn0Aqr0,1320,"[{'action_type': 'Claiming', 'goals_added_raw': 0.0432, 'goals_added_above_avg': 0.0592, 'count_actions': 14}, {'action_type': 'Fielding', 'goals_added_raw': 0.0216, 'goals_added_above_avg': 0.0966, 'count_actions': 160}, {'action_type': 'Handling', 'goals_added_raw': -0.138, 'goals_added_above_avg': -0.06720000000000001, 'count_actions': 22}, {'action_type': 'Passing', 'goals_added_raw': 0.4096, 'goals_added_above_avg': -0.3688, 'count_actions': 352}, {'action_type': 'Shotstopping', 'goals_added_raw': -3.9412000000000003, 'goals_added_above_avg': -2.7613000000000003, 'count_actions': 37}, {'action_type': 'Sweeping', 'goals_added_raw': 0.0654, 'goals_added_above_avg': 0.112, 'count_actions': 18}]"
Vj58aX48q8,N6MmGYWqEG,1321,"[{'action_type': 'Claiming', 'goals_added_raw': -0.0054, 'goals_added_above_avg': 0.0106, 'count_actions': 6}, {'action_type': 'Fielding', 'goals_added_raw': -0.056600000000000004, 'goals_added_above_avg': 0.018500000000000003, 'count_actions': 223}, {'action_type': 'Handling', 'goals_added_raw': 0.007200000000000001, 'goals_added_above_avg': 0.0781, 'count_actions': 30}, {'action_type': 'Passing', 'goals_added_raw': 0.7316, 'goals_added_above_avg': -0.047400000000000005, 'count_actions': 404}, {'action_type': 'Shotstopping', 'goals_added_raw': 0.1683, 'goals_added_above_avg': 1.3492, 'count_actions': 46}, {'action_type': 'Sweeping', 'goals_added_raw': 0.0746, 'goals_added_above_avg': 0.1212, 'count_actions': 21}]"
Vj58Wm4mM8,gOMnd3eqwN,818,"[{'action_type': 'Claiming', 'goals_added_raw': 0.006200000000000001, 'goals_added_above_avg': 0.0161, 'count_actions': 3}, {'action_type': 'Fielding', 'goals_added_raw': 0.0035, 'goals_added_above_avg': 0.050100000000000006, 'count_actions': 79}, {'action_type': 'Handling', 'goals_added_raw': -0.3221, 'goals_added_above_avg': -0.2782, 'count_actions': 18}, {'action_type': 'Passing', 'goals_added_raw': 0.3158, 'goals_added_above_avg': -0.1666, 'count_actions': 219}, {'action_type': 'Shotstopping', 'goals_added_raw': -1.0101, 'goals_added_above_avg': -0.27890000000000004, 'count_actions': 29}, {'action_type': 'Sweeping', 'goals_added_raw': 0.0596, 'goals_added_above_avg': 0.08850000000000001, 'count_actions': 13}]"
zeQZjOpKQK,jYQJw0PMGR,1001,"[{'action_type': 'Claiming', 'goals_added_raw': 0.0852, 'goals_added_above_avg': 0.09730000000000001, 'count_actions': 18}, {'action_type': 'Fielding', 'goals_added_raw': -0.0006000000000000001, 'goals_added_above_avg': 0.0563, 'count_actions': 77}, {'action_type': 'Handling', 'goals_added_raw': -0.1463, 'goals_added_above_avg': -0.0926, 'count_actions': 24}, {'action_type': 'Passing', 'goals_added_raw': 0.44260000000000005, 'goals_added_above_avg': -0.1477, 'count_actions': 239}, {'action_type': 'Shotstopping', 'goals_added_raw': 0.4902, 'goals_added_above_avg': 1.385, 'count_actions': 35}, {'action_type': 'Sweeping', 'goals_added_raw': 0.0223, 'goals_added_above_avg': 0.057600000000000005, 'count_actions': 18}]"
